,nodes,edges,density,subgraphs,biggest_component,assortativity,diameter,max_degree,min_degree,std_degree,mean_degree,max_clustering,min_clustering,mean_clustering,std_clustering,max_closeness,min_closeness,mean_closeness,std_closeness,max_eccentricity,min_eccentricity,mean_eccentricity,std_eccentricity,max_betweenness,min_betweenness,mean_betweenness,std_betweenness,max_eigenvector,min_eigenvector,mean_eigenvector,std_eigenvector
2012-04-03,23.0,14.0,0.05533596837944664,9.0,4.0,-0.39999999999999897,2.0,3.0,1.0,1.2173913043478262,0.5070392952039391,0.0,0.0,0.0,0.0,0.13636363636363635,0.045454545454545456,0.06403162055335967,0.022717245883492807,2.0,1.0,1.75,0.4330127018922193,1.0,0.0,0.25,0.4330127018922193,0.7071067811865478,-4.867776416832824e-16,0.08399355011209286,0.19084900945284616
2012-04-04,54.0,39.0,0.027253668763102725,15.0,17.0,-0.014692378328742187,7.0,6.0,1.0,1.4814814814814814,0.9572479987644509,0.0,0.0,0.0,0.0,0.1509433962264151,0.018867924528301886,0.049682910933188176,0.036457273936808886,7.0,4.0,5.647058823529412,0.9665692191267636,0.7666666666666666,0.0,0.14901960784313725,0.22038443744767292,0.6053585377297561,-2.5316789744679444e-15,0.061608045406132926,0.12133823494576794
2012-04-06,15.0,9.0,0.08571428571428572,6.0,4.0,-0.34042553191489366,2.0,3.0,1.0,1.2,0.5416025603090641,0.0,0.0,0.0,0.0,0.21428571428571427,0.07142857142857142,0.10031746031746032,0.03993443858670828,2.0,1.0,1.75,0.4330127018922193,1.0,0.0,0.25,0.4330127018922193,0.7071067811865476,-7.556600713293982e-17,0.12879011017187583,0.22378510716440173
2012-04-07,84.0,82.0,0.023522662076878944,14.0,55.0,0.11074982580887241,8.0,10.0,1.0,2.0476190476190474,1.9451084062381048,0.5,0.0,0.010421412588366633,0.05780539060581682,0.24229331117573744,0.012048192771084338,0.11332649808959576,0.07651931642873465,8.0,4.0,6.6,0.9458041311738149,0.3774749592359656,0.0,0.05365605742964233,0.09087803187888151,0.4769034459777539,-1.463367401865626e-17,0.05365277358034153,0.09500600924098702
2012-04-08,86.0,80.0,0.02188782489740082,13.0,57.0,0.16556663997749468,8.0,11.0,1.0,2.0930232558139537,1.9566696134512216,0.024037492838456808,0.0,0.0005956134022818064,0.003310310265374438,0.2349943799175721,0.009411764705882354,0.10601534322612584,0.07042324217899328,8.0,4.0,6.315789473684211,1.1263649767911945,0.437012987012987,0.0,0.05771246297562086,0.09912287793729616,0.5655300676704828,-3.385196491381821e-17,0.04708334640074597,0.09701064616036502
2012-04-09,61.0,57.0,0.03114754098360656,11.0,37.0,0.014315817640565982,8.0,10.0,1.0,2.0655737704918034,1.9907067075231317,0.33333333333333337,0.0,0.01639344262295082,0.07208145332389572,0.22499999999999998,0.016666666666666666,0.10622785609144599,0.07122261852898344,8.0,4.0,6.27027027027027,0.8898420342245582,0.4537037037037038,0.0,0.06928356928356928,0.11913576639988298,0.49005507219469063,-5.2145096047240514e-17,0.06581874549042561,0.1098241110367728
2012-04-10,59.0,49.0,0.02863822326125073,10.0,20.0,0.03684290106345438,10.0,7.0,1.0,1.9322033898305084,1.2604062672934375,0.0,0.0,0.0,0.0,0.10038932146829811,0.013136288998357963,0.04965396677727749,0.024207657447142508,10.0,5.0,7.95,1.4309088021254186,0.6900584795321637,0.0,0.19327485380116957,0.20963484907407035,0.7062289271564124,-5.435499362432513e-17,0.030959890778249465,0.12645409327250642
2012-04-11,81.0,69.0,0.021296296296296296,14.0,37.0,-0.062442069422113444,10.0,7.0,1.0,1.8271604938271604,1.2745381488053817,0.41997368329829105,0.0,0.0072588044026865115,0.048748717073182596,0.13846153846153847,0.0125,0.05317717637973106,0.03584644287203788,10.0,5.0,8.027027027027026,1.460960189377252,0.7206349206349206,0.0,0.11728871728871729,0.17423522471180075,0.6252242852332518,-3.93386249343472e-12,0.040632353689703055,0.10341513837915876
2012-04-12,60.0,47.0,0.02655367231638418,13.0,14.0,-0.14732843757913391,7.0,6.0,1.0,1.6333333333333333,1.0796089827134432,0.0,0.0,0.0,0.0,0.11016949152542373,0.00847457627118644,0.04858830631428736,0.02649727725282411,7.0,4.0,5.642857142857143,0.9715336077668174,0.6794871794871795,0.0,0.1858974358974359,0.2455459335544231,0.651136284760759,-6.232960831462158e-16,0.04764272738665666,0.1199868209172465
2012-04-13,78.0,62.0,0.020646020646020648,16.0,28.0,-0.26741760534000825,9.0,10.0,1.0,1.5897435897435896,1.3815255172332508,0.0,0.0,0.0,0.0,0.15027829313543598,0.012987012987012988,0.05309394241551948,0.03754318936216344,9.0,5.0,7.0,1.164964745021435,0.7806267806267807,0.0,0.10917785917785917,0.1938205369264336,0.6693381840584357,-8.21640738822841e-17,0.04736093509827347,0.10284675321627781
2012-04-14,120.0,130.0,0.018207282913165267,17.0,82.0,0.01776811191481425,11.0,15.0,1.0,2.4166666666666665,2.3755116407956325,0.33333333333333337,0.0,0.015709228225550737,0.06276003108055786,0.20727238263726544,0.004201680672268907,0.10684898970896557,0.07005581643462082,11.0,6.0,8.0,1.024099842693513,0.30136831275720166,0.0,0.04151987353206866,0.06773849217556556,0.4136623848165726,-2.344745929744085e-17,0.04316375782590192,0.08043769852301981
2012-04-15,116.0,101.0,0.015142428785607197,21.0,63.0,0.0716900542969103,13.0,15.0,1.0,1.8448275862068966,1.7792067598824521,0.6299605249474366,0.0,0.01850952099264905,0.08044392793975455,0.15841747372759116,0.004347826086956522,0.05950919085404618,0.04577649360227057,13.0,7.0,9.777777777777779,1.5269478265163479,0.6738938833068921,0.0,0.06930909151956217,0.11540244292275281,0.612862096896334,-2.072466385478373e-16,0.035687972727770224,0.0857149826912095
2012-04-16,53.0,39.0,0.02830188679245283,14.0,18.0,-0.027383015597920474,9.0,6.0,1.0,1.509433962264151,0.8821637530234689,0.0,0.0,0.0,0.0,0.1389423076923077,0.009615384615384616,0.04965377579808324,0.03397242692335948,9.0,5.0,7.277777777777778,1.1928283640879938,0.7941176470588235,0.0,0.17442810457516342,0.21520955498965394,0.6233910377892254,-1.0116890251956656e-16,0.06108969673788116,0.12302834421699578
2012-04-17,51.0,33.0,0.02588235294117647,18.0,14.0,0.070158850226929,6.0,8.0,1.0,1.3725490196078431,1.203927955530098,0.0,0.0,0.0,0.0,0.105625,0.02,0.036021600762603294,0.023328367535944968,6.0,3.0,4.571428571428571,0.82065180664829,0.8205128205128205,0.0,0.14926739926739924,0.2372713980343793,0.653148083520969,-1.236999958993019e-16,0.05257177403383149,0.12978463588649722
2012-04-18,64.0,47.0,0.023313492063492064,17.0,27.0,0.005431065695779911,9.0,6.0,1.0,1.625,1.192424001771182,0.0,0.0,0.0,0.0,0.13756613756613756,0.007936507936507936,0.04860020354763976,0.036156357199820875,9.0,5.0,7.2592592592592595,1.1735540383522116,0.8,0.0,0.13481481481481483,0.19074907905151295,0.5997291057131116,-7.345034298641892e-17,0.051011682241453395,0.11411751957914695
2012-04-19,77.0,54.0,0.01845522898154477,25.0,23.0,-0.02106969205834674,9.0,10.0,1.0,1.5584415584415585,1.3722056043503676,0.25,0.0,0.009353741496598641,0.041721059243247434,0.08605974395448081,0.006578947368421052,0.030067785381643997,0.023515764556346786,9.0,5.0,7.304347826086956,1.158514138649933,0.670995670995671,0.0,0.15377376246941465,0.21572575756049336,0.6793466585551229,-4.214412639271211e-17,0.032455216976860754,0.10924134692504428
2012-04-20,57.0,59.0,0.03696741854636591,5.0,49.0,-0.20512126212748993,11.0,13.0,1.0,2.175438596491228,2.2173384315241145,0.0,0.0,0.0,0.0,0.29387755102040813,0.017857142857142856,0.178574148337746,0.07609807428203942,11.0,6.0,8.89795918367347,1.343843072094231,0.4284067882472138,0.0,0.0705963236358373,0.12110164226999476,0.5378158070395254,-5.289134573998298e-17,0.07810925023096385,0.10697104597730864
2012-04-21,102.0,92.0,0.0178606095903708,17.0,62.0,-0.10604186167276505,11.0,13.0,1.0,1.9803921568627452,1.9300532968200477,0.4807498567691361,0.0,0.022123810406982712,0.08785459652478554,0.19807303310976257,0.007920792079207921,0.0803540926719607,0.05859541154114001,11.0,6.0,8.209677419354838,1.2331064466804775,0.6841530054644809,0.0,0.061105235325224744,0.11636213867086492,0.4595416761467743,-1.2374114579188415e-16,0.047824098121875,0.08669934952153173
2012-04-22,84.0,76.0,0.021801491681009755,12.0,57.0,-0.048497046029994474,12.0,12.0,1.0,2.119047619047619,2.1235906357414125,0.10499342082457276,0.0,0.0031128295025039934,0.015822983562635916,0.14816914717694304,0.012048192771084338,0.07216243885364755,0.04126863565622445,12.0,6.0,9.578947368421053,1.4743106438003148,0.687012987012987,0.0,0.07302346776030988,0.15050465027811932,0.5053699017556551,-4.1833529555714283e-17,0.050406503842320184,0.09676748563001969
2012-04-23,76.0,64.0,0.02245614035087719,14.0,33.0,-0.1201874861443939,8.0,9.0,1.0,1.763157894736842,1.5119560444445497,0.20998684164914552,0.0,0.004697074089520361,0.02695149655269502,0.15003663003663006,0.013333333333333334,0.059635788648423046,0.03991075078284426,8.0,4.0,6.696969696969697,1.1930314960623958,0.5987903225806451,0.0,0.10202834799608994,0.16807936482241947,0.6399541461223242,-1.5221644217296458e-16,0.04240376454638529,0.10658243518111615
2012-04-24,86.0,73.0,0.01997264021887825,15.0,54.0,0.11650447695437521,14.0,8.0,1.0,1.813953488372093,1.3852346615660867,0.6299605249474366,0.0,0.01604170132041052,0.07766658336495025,0.15299564270152505,0.011764705882352941,0.0681108134753403,0.04504130856303998,14.0,7.0,10.981481481481481,1.737289723388243,0.7010159651669086,0.0,0.09771273450518735,0.1618880951482046,0.5551243163845357,-4.136441369328793e-17,0.04097164872519324,0.09974583188025234
2012-04-25,48.0,35.0,0.03102836879432624,15.0,15.0,0.22594394627849934,6.0,8.0,1.0,1.625,1.4379528272281166,0.33333333333333337,0.0,0.009722222222222222,0.04987767959529292,0.101712506486767,0.02127659574468085,0.04410829212605293,0.027271031514320428,6.0,3.0,4.733333333333333,0.8537498983243799,0.5934065934065934,0.0,0.1457875457875458,0.19692384004736138,0.5920056449488383,-2.3925580632124843e-17,0.05947861899778419,0.13151284049646925
2012-04-26,27.0,19.0,0.05413105413105413,8.0,7.0,-0.08688613059902855,4.0,4.0,1.0,1.4814814814814814,0.8764562641629061,0.0,0.0,0.0,0.0,0.17307692307692307,0.038461538461538464,0.07139435430033722,0.03476807584982704,4.0,2.0,3.142857142857143,0.6388765649999398,0.8666666666666667,0.0,0.21904761904761902,0.30177103843342595,0.6672459833979951,-1.8652447047523506e-16,0.0749153766849733,0.17727019877347008
2012-04-27,80.0,71.0,0.022468354430379745,13.0,49.0,-0.04278927449875184,13.0,14.0,1.0,2.0,1.9235384061671346,0.11111111111111112,0.0,0.002159090909090909,0.013736764460270673,0.1450972983185339,0.010126582278481013,0.06661362432537478,0.04232729062890381,13.0,7.0,10.53061224489796,1.7035621840578943,0.6450945626477542,0.0,0.0991460413952815,0.15661268730538772,0.6066559668563,-2.2754967320045638e-17,0.04414328333855853,0.1027198643695159
2012-04-28,127.0,127.0,0.015873015873015872,14.0,97.0,-0.09076991009511672,17.0,17.0,1.0,2.141732283464567,2.1761933442676784,0.41997368329829105,0.0,0.012229434904386043,0.0545613246506708,0.2107863318237958,0.003968253968253968,0.10139880904638868,0.05650572712775078,17.0,9.0,12.154639175257731,1.7781039721526093,0.6246985519353938,0.0,0.05310634834508954,0.10377007359587538,0.5904888715015046,-1.6607515888337705e-17,0.03233218714540138,0.0826356183641548
2012-04-29,76.0,66.0,0.023157894736842106,15.0,43.0,-0.022977761353014263,8.0,13.0,1.0,1.868421052631579,1.8161708218924864,0.0,0.0,0.0,0.0,0.1993220338983051,0.013333333333333334,0.0797786883130474,0.05844224573838431,8.0,4.0,6.488372093023256,1.0200796371842469,0.6689895470383276,0.0,0.07308970099667775,0.13530712946417475,0.6480809632981314,-3.3158093765784186e-17,0.0518546745751041,0.1023180700636606
2012-05-01,58.0,52.0,0.03145795523290986,13.0,30.0,0.11760866727581233,7.0,11.0,1.0,2.0689655172413794,1.8556722823549945,0.33333333333333337,0.0,0.02411600651763243,0.06797254188715039,0.19938359412043624,0.005847953216374269,0.07864573483430394,0.05967919305351214,7.0,4.0,5.5,0.8850612031567836,0.6128899835796389,0.0,0.08801313628899837,0.13475282693952498,0.5678788925986704,-4.8978676692481346e-17,0.06129091626190924,0.1161240840399633
2012-05-02,12.0,7.0,0.10606060606060606,5.0,3.0,-0.4000000000000027,2.0,2.0,1.0,1.1666666666666667,0.372677996249965,0.0,0.0,0.0,0.0,0.18181818181818182,0.09090909090909091,0.11616161616161613,0.03233901130016591,2.0,1.0,1.6666666666666667,0.4714045207910317,1.0,0.0,0.3333333333333333,0.4714045207910317,0.6939654293244938,-2.869468967267225e-16,0.16691393577452499,0.23552722003537316
2012-05-03,57.0,51.0,0.03195488721804511,10.0,37.0,0.06374471187301857,8.0,11.0,1.0,1.9649122807017543,1.8914851890447095,0.13999122776609702,0.0,0.0035436375950816537,0.019215081216307366,0.20480404551201012,0.017857142857142856,0.10015920439929386,0.0624044462726527,8.0,5.0,6.513513513513513,0.9189189189189189,0.49444444444444446,0.0,0.08434148434148434,0.12494824007165842,0.6119545429773969,-2.7167988008855314e-17,0.05885309987806637,0.11865990175229857
2012-05-04,78.0,66.0,0.02197802197802198,19.0,37.0,0.11726673427991903,8.0,13.0,1.0,1.8205128205128205,1.7884500505099292,0.5,0.0,0.03332824582824583,0.12233456635546353,0.18495789924361353,0.012987012987012988,0.0647513880667743,0.05425794135578131,8.0,4.0,6.621621621621622,1.048843670915257,0.5976190476190476,0.0,0.07181467181467181,0.14197444316479943,0.6503746764811572,-6.412445460036769e-17,0.04929836673375437,0.10193225131378723
2012-05-05,110.0,103.0,0.01718098415346122,14.0,72.0,0.07728535046519668,15.0,10.0,1.0,2.090909090909091,1.8218145527091418,0.02519842099789747,0.0,0.0008038894192888896,0.003816803729496242,0.1628440366972477,0.004856988667026444,0.07376456660947242,0.04810319294339988,15.0,8.0,11.777777777777779,1.7497795275581802,0.5144198524480215,0.0,0.07357478202548624,0.12143702139837055,0.7071067811865474,-9.701352088689788e-17,0.015088055687293399,0.09414488656579403
2012-05-06,48.0,41.0,0.03634751773049645,7.0,32.0,-0.19911858974358962,15.0,5.0,1.0,1.75,1.0103629710818451,0.0,0.0,0.0,0.0,0.1470993418031532,0.02127659574468085,0.08279542121194378,0.041617675893713575,15.0,8.0,11.875,1.9162137145944864,0.6064516129032258,0.0,0.17493279569892473,0.2109039185948343,0.5787216089113028,-8.287291608629156e-17,0.07871281175381066,0.12098605952399022
2012-05-07,60.0,51.0,0.0288135593220339,12.0,34.0,0.02404965089216452,9.0,8.0,1.0,1.9,1.6802777548171413,0.6299605249474366,0.0,0.017043654943393174,0.08492497533105815,0.177477183833116,0.01694915254237288,0.07733704680048865,0.051518430541129395,9.0,5.0,7.147058823529412,1.114934789472051,0.6079545454545455,0.0,0.09792780748663102,0.1706905238033417,0.5936306150386892,-3.34747445996337e-17,0.06582354698276703,0.11105821594674627
2012-05-08,70.0,52.0,0.021532091097308487,18.0,18.0,-0.15483313982912103,10.0,7.0,1.0,1.542857142857143,1.05133539959852,0.0,0.0,0.0,0.0,0.10215623895369388,0.014492753623188406,0.03813455589365995,0.025258765388416513,10.0,5.0,7.222222222222222,1.4740554623801778,0.7720588235294118,0.0,0.17034313725490197,0.2206597106424446,0.6591976755420957,-1.6727913130819581e-15,0.04618174090094637,0.11024046939791278
2012-05-09,65.0,49.0,0.023557692307692307,19.0,14.0,0.11279916753381912,5.0,6.0,1.0,1.6307692307692307,1.0163165886100767,0.5,0.0,0.02564102564102564,0.09687761788365416,0.1200284090909091,0.0125,0.035722881969877975,0.02540058083773868,5.0,3.0,4.285714285714286,0.6998542122237652,0.8589743589743589,0.0,0.14468864468864467,0.23517510504431532,0.5336311862012195,-7.374126748163524e-17,0.03722271660107986,0.11831772797620431
2012-05-10,38.0,27.0,0.03840682788051209,11.0,8.0,-0.2107623318385654,4.0,5.0,1.0,1.4736842105263157,0.9661873552992535,0.0,0.0,0.0,0.0,0.10810810810810811,0.02702702702702703,0.05122777308372876,0.02067528252577298,4.0,2.0,3.375,0.6959705453537527,0.7142857142857142,0.0,0.20833333333333331,0.29348316751478687,0.6361208237819735,-1.8225361912210416e-15,0.0632115526250111,0.14939909333198664
2012-05-11,116.0,122.0,0.018290854572713643,14.0,85.0,0.031717221155825585,11.0,20.0,1.0,2.396551724137931,2.8035670331550087,0.5,0.0,0.016604634661159468,0.06397335924939021,0.21157421289355324,0.008695652173913044,0.11092496042880648,0.06525610044809509,11.0,6.0,8.2,1.2347898130260637,0.43442818894626123,0.0,0.04457493840909858,0.0806620903685983,0.5371937714042537,-5.2695808770416424e-17,0.03694717803388385,0.0851797845178356
2012-05-12,113.0,122.0,0.019279393173198482,16.0,80.0,-0.025821545726486476,9.0,20.0,1.0,2.3716814159292037,2.614441480027138,0.1602499522563787,0.0,0.005436863003498981,0.022031718996000475,0.24122603586889305,0.008928571428571428,0.1170412024287072,0.07283453294750149,9.0,5.0,7.0125,0.8138450405329014,0.4467597100508491,0.0,0.03971113274910743,0.07088133113168045,0.6144914533900683,-2.2522919835781625e-17,0.041751886946170595,0.08429909524163402
2012-05-13,94.0,81.0,0.018531228551818806,18.0,28.0,-0.050837230351486115,8.0,11.0,1.0,1.872340425531915,1.7878671624294222,0.11111111111111112,0.0,0.0019419115163796018,0.012770301103856555,0.13997695852534564,0.010752688172043012,0.05545814328529206,0.037536329997215095,8.0,4.0,6.214285714285714,1.0473484499010843,0.6695156695156695,0.0,0.09015059015059015,0.18854873156551016,0.5163032477821282,-6.554066569432425e-17,0.04156633033608985,0.09439564637593983
2012-05-14,66.0,57.0,0.026573426573426574,14.0,36.0,-0.033906683480453885,8.0,10.0,1.0,1.7878787878787878,1.6377659535602014,0.5,0.0,0.017742905242905244,0.08611362594083696,0.2326685660018993,0.01230769230769231,0.08882650342810501,0.06833283039151315,8.0,4.0,6.111111111111111,0.9362388636862621,0.707843137254902,0.0,0.07773109243697479,0.1479015248587158,0.5904321846540174,-5.938136889040833e-17,0.06359575651004384,0.10539020308088587
2012-05-15,63.0,58.0,0.029697900665642603,10.0,33.0,-0.042655176852770406,6.0,12.0,1.0,1.9047619047619047,1.6781914463529617,0.6299605249474366,0.0,0.017029235931720028,0.08612415307369028,0.25806451612903225,0.016129032258064516,0.09594557246527816,0.0660415801789079,6.0,3.0,4.878787878787879,0.8441447440717649,0.8232526881720431,0.0,0.07783479960899316,0.16269883190397758,0.6227052280827478,-2.517712201473346e-16,0.05988751775730116,0.11084449057073072
2012-05-16,74.0,63.0,0.02332469455757127,12.0,20.0,-0.12170947594293229,8.0,10.0,1.0,1.837837837837838,1.4239934997102153,0.33333333333333337,0.0,0.010510510510510513,0.05531153290208368,0.10092256080514396,0.010958904109589041,0.04530299243511274,0.021516433837649545,8.0,4.0,6.2,1.0770329614269007,0.7894736842105263,0.0,0.13538011695906432,0.21120970142845558,0.6872591446984735,-5.428799509604123e-16,0.03787779297728629,0.10990353184808645
2012-05-17,69.0,52.0,0.02216538789428815,17.0,17.0,-0.18306089284007263,9.0,7.0,1.0,1.536231884057971,1.110943066477496,0.0,0.0,0.0,0.0,0.09885620915032681,0.014705882352941176,0.04054293551667807,0.024263350332819667,9.0,5.0,6.9411764705882355,1.2588785034725114,0.65,0.0,0.18039215686274512,0.23334980993070112,0.678372592631626,-1.4530867102023165e-16,0.040114351561382475,0.11350591359924034
2012-05-18,46.0,38.0,0.03671497584541063,11.0,21.0,0.019967562681130358,8.0,9.0,1.0,1.7391304347826086,1.5098917699291599,0.5,0.0,0.016297416768622997,0.07435113057235138,0.202020202020202,0.011111111111111112,0.08136726970611587,0.06069482598475117,8.0,4.0,5.761904761904762,1.1086139739831253,0.5789473684210527,0.0,0.11203007518796995,0.1609634367088092,0.592994494078449,-9.965722067581946e-17,0.07256734761605076,0.12834761585145965
2012-05-19,109.0,111.0,0.018858307849133536,16.0,69.0,0.041469565321318,9.0,21.0,1.0,2.220183486238532,2.524586615866388,0.41997368329829105,0.0,0.014060576978748702,0.059349797298106,0.2265334117185969,0.009259259259259259,0.0989651450486924,0.06888479486744697,9.0,6.0,7.463768115942029,0.8440707118006399,0.5191542288557213,0.0,0.04603580562659846,0.08528385375955466,0.6339961851465058,-3.235760681572991e-17,0.039241581277512996,0.08737511216270825
2012-05-21,59.0,45.0,0.026300409117475162,16.0,21.0,0.1550367926922101,6.0,11.0,1.0,1.6610169491525424,1.6115070269836897,0.06614171049867498,0.0,0.0025623907214983046,0.012156596373573327,0.1532567049808429,0.017241379310344827,0.052950092754694165,0.040721885300938454,6.0,3.0,5.0476190476190474,0.8438116736509214,0.6736842105263158,0.0,0.118796992481203,0.18692819103761263,0.6606563214662566,-5.529358787885624e-17,0.046380542309861626,0.12164702149011301
2012-05-22,25.0,19.0,0.06333333333333334,6.0,13.0,0.1943462897526496,6.0,5.0,1.0,1.6,0.9797958971132712,0.0,0.0,0.0,0.0,0.2222222222222222,0.041666666666666664,0.10529713583593434,0.057169375428920415,6.0,3.0,5.0,0.9607689228305228,0.7272727272727273,0.0,0.1958041958041958,0.23723031133032924,0.6495774657856935,-1.0748694993211247e-16,0.10767989240254769,0.1685379505398584
2012-05-23,40.0,26.0,0.03333333333333333,14.0,5.0,-0.21186440677966079,3.0,4.0,1.0,1.35,0.653834841531101,0.0,0.0,0.0,0.0,0.08205128205128205,0.02564102564102564,0.03900819088319088,0.013547341708293302,3.0,2.0,2.6,0.4898979485566356,0.8333333333333333,0.0,0.26666666666666666,0.3431876713662333,0.707106781186547,-3.7646158508740807e-16,0.04654518298914497,0.15110772958557417
2012-05-24,7.0,4.0,0.19047619047619047,3.0,3.0,-0.3333333333333333,2.0,2.0,1.0,1.1428571428571428,0.3499271061118826,0.0,0.0,0.0,0.0,0.3333333333333333,0.16666666666666666,0.2063492063492063,0.05723097262641253,2.0,1.0,1.6666666666666667,0.4714045207910317,1.0,0.0,0.3333333333333333,0.4714045207910317,0.7071067811865476,-8.999559895087975e-16,0.24387239731236346,0.2887618338462748
2012-05-25,68.0,57.0,0.02502194907813872,12.0,28.0,-0.19198969628983328,7.0,14.0,1.0,1.7352941176470589,1.7117040619942894,0.5,0.0,0.014786683904330963,0.08446738494917469,0.236534717715769,0.014925373134328358,0.07356316576395253,0.05819808863257528,7.0,4.0,5.428571428571429,0.82065180664829,0.9145299145299146,0.0,0.07987382987382988,0.18233853869887096,0.6808436013411399,-3.109104922374249e-16,0.056367720533156626,0.10737114339913276
2012-05-26,35.0,21.0,0.03529411764705882,14.0,8.0,0.4650438720634023,5.0,6.0,1.0,1.3714285714285714,1.0165969642661252,0.0,0.0,0.0,0.0,0.08006535947712418,0.029411764705882353,0.036911091359620764,0.013244878959706,5.0,3.0,4.125,0.7806247497997998,0.7619047619047619,0.0,0.26190476190476186,0.25084889887744616,0.6828872823541655,-1.744038821723494e-16,0.06077108764989779,0.15772857533521634
2012-05-27,103.0,91.0,0.017323434228060156,24.0,48.0,0.11977855414655807,8.0,13.0,1.0,2.0194174757281553,2.0573363046362187,0.7631428283688879,0.0,0.021440051001244752,0.09645167942233311,0.14633015368309485,0.004901960784313725,0.05533717063855512,0.047846642657776814,8.0,5.0,6.375,0.7252872993970504,0.41427690410114093,0.0,0.060264415664508166,0.09230872776779721,0.5273832250319901,-3.571897225070273e-17,0.03729601025039533,0.09120167478440337
2012-05-28,77.0,66.0,0.022556390977443608,18.0,40.0,0.0852004965710086,7.0,13.0,1.0,1.948051948051948,2.113015349549376,0.25,0.0,0.019883903102168667,0.06014744501216018,0.2175343249427918,0.006578947368421052,0.07546036202624547,0.06188467695205763,7.0,4.0,5.525,0.7411983540186797,0.628025191183086,0.0,0.06379892037786773,0.1407564366176805,0.64065401243147,-4.424241342046241e-17,0.047526009549485645,0.10357746571197417
2012-05-29,58.0,54.0,0.032667876588021776,9.0,41.0,0.006916403470195299,8.0,10.0,1.0,2.0344827586206895,1.9384095617317512,0.26456684199469993,0.0,0.010780319925104654,0.044652924931369145,0.23588382721509657,0.017543859649122806,0.11261153009268768,0.06504895092497326,8.0,4.0,6.146341463414634,0.976828507048819,0.5636752136752137,0.0,0.07454659161976236,0.1279601073531821,0.5794372500196192,-5.520108407540395e-17,0.0658568784644461,0.11359687878310741
2012-05-30,9.0,5.0,0.1388888888888889,4.0,3.0,-0.2500000000000021,2.0,2.0,1.0,1.1111111111111112,0.3142696805273545,0.0,0.0,0.0,0.0,0.25,0.125,0.14814814814814814,0.039825579940012165,2.0,1.0,1.6666666666666667,0.4714045207910317,1.0,0.0,0.3333333333333333,0.4714045207910317,0.7071067811865475,-2.903613200697535e-16,0.18967853124294973,0.27410429747931436
2012-05-31,37.0,26.0,0.03903903903903904,11.0,11.0,0.10344827586206903,5.0,7.0,1.0,1.5135135135135136,1.055785134304033,0.0,0.0,0.0,0.0,0.154320987654321,0.027777777777777776,0.05635288462441063,0.031815921768967116,5.0,3.0,4.181818181818182,0.7158188976374373,0.8444444444444444,0.0,0.17979797979797982,0.253452841819187,0.6923554968334653,-2.6641867505088817e-16,0.06812652270629323,0.14961886221655324
2012-06-01,37.0,27.0,0.04054054054054054,11.0,14.0,-0.21182266009852282,6.0,6.0,1.0,1.5675675675675675,1.0010950906730884,0.5,0.0,0.031531531531531536,0.11519560227517496,0.19560185185185183,0.013888888888888888,0.06921839245519623,0.050560592567582364,6.0,3.0,4.714285714285714,0.9583148474999098,0.8205128205128205,0.0,0.16391941391941392,0.241419801401615,0.6436231224182487,-2.589959877591091e-16,0.08432206848680264,0.1411269492093342
2012-06-02,21.0,15.0,0.07142857142857142,6.0,7.0,-0.23966942148760334,4.0,3.0,1.0,1.5238095238095237,0.7315376902732007,0.0,0.0,0.0,0.0,0.19999999999999998,0.04000000000000001,0.09338668800853675,0.042823142707947244,4.0,2.0,3.2857142857142856,0.6998542122237652,0.7333333333333333,0.0,0.23809523809523808,0.29569856564304803,0.7071067811865478,-5.129859303077353e-16,0.07884714663033618,0.20347524440899903
2012-06-03,97.0,97.0,0.020833333333333332,16.0,61.0,-0.12374592406773591,8.0,25.0,1.0,2.4123711340206184,3.3421783664839855,0.23112042478354491,0.0,0.006522894983207945,0.029808607841888136,0.21676300578034682,0.005208333333333333,0.1015486936857437,0.07037757006945464,8.0,4.0,6.278688524590164,0.9773022007074676,0.4458703255313425,0.0,0.04573492636843568,0.09352720634925889,0.6762798859532881,-3.0244106090913015e-17,0.03223277464113972,0.09628253522549644
2012-06-04,34.0,22.0,0.0392156862745098,12.0,7.0,-0.09502262443438883,5.0,4.0,1.0,1.2941176470588236,0.6655122646461624,0.0,0.0,0.0,0.0,0.12626262626262627,0.030303030303030304,0.05102467741269251,0.026526900798782414,5.0,3.0,4.142857142857143,0.8329931278350429,0.6,0.0,0.29523809523809524,0.2686997329460168,0.6767662621499837,-1.7454624759576242e-16,0.06722058390102169,0.1577756565693455
2012-06-05,20.0,11.0,0.05789473684210526,9.0,3.0,0.0833333333333339,2.0,2.0,1.0,1.2,0.4,0.0,0.0,0.0,0.0,0.10526315789473684,0.02631578947368421,0.058771929824561385,0.019238344034615183,2.0,1.0,1.6666666666666667,0.4714045207910317,1.0,0.0,0.3333333333333333,0.4714045207910317,0.7071067811865476,-1.3706887227873771e-16,0.07071067811865478,0.21213203435596428
2012-06-06,54.0,41.0,0.0286512928022362,14.0,26.0,0.12237479806138941,13.0,5.0,1.0,1.5925925925925926,0.933303938396604,0.5,0.0,0.021604938271604937,0.09647221980301099,0.13712154453707767,0.009433962264150943,0.05698166397386629,0.04081510325957639,13.0,7.0,9.807692307692308,1.8401344175239516,0.63,0.0,0.1693589743589744,0.21089151265939693,0.47925287207478284,-1.0368493457190814e-16,0.06786891232113061,0.11795053734029874
2012-06-07,99.0,88.0,0.018140589569160998,17.0,63.0,-0.09047654897237062,12.0,10.0,1.0,1.97979797979798,1.8311546171514599,0.33333333333333337,0.0,0.00954785954785955,0.0485998682467044,0.16550417635408596,0.01020408163265306,0.07420844639256126,0.05055444409512485,12.0,6.0,9.317460317460318,1.3781215283268724,0.5016745989776132,0.0,0.07165940587410709,0.1261460712033314,0.48529239533694457,-4.796363780639732e-17,0.044758961143940804,0.08998691848444026
2012-06-08,63.0,60.0,0.030721966205837174,7.0,51.0,-0.23575848917620928,10.0,14.0,1.0,2.1587301587301586,2.190936229584587,0.11111111111111112,0.0,0.005266160766991818,0.020643362398478464,0.21795989537925023,0.016129032258064516,0.12388366626034969,0.05738772545067905,10.0,6.0,7.980392156862745,1.179734035803241,0.5575510204081633,0.0,0.07466986794717888,0.11718846683913142,0.6697176808426462,-3.5289256651001277e-17,0.06290234204224752,0.10916185798444426
2012-06-09,111.0,110.0,0.018018018018018018,15.0,75.0,0.005167347184634666,9.0,15.0,1.0,2.18018018018018,2.4317650068656267,0.41997368329829105,0.0,0.014078160222607352,0.06481050261249155,0.1999269806498722,0.00909090909090909,0.10015945654785789,0.0650825860029517,9.0,5.0,7.6,0.9660917830792958,0.3853634456374183,0.0,0.04701962236208812,0.08697828571372447,0.5514343116333239,-2.5721777710847346e-17,0.04059123332895964,0.08579837286244399
2012-06-10,79.0,65.0,0.02109704641350211,18.0,40.0,-0.020823260699221486,9.0,14.0,1.0,1.8734177215189873,1.8850987188842687,0.20000000000000004,0.0,0.0061611684546487855,0.03172339804843078,0.1989795918367347,0.002564102564102564,0.07160641493888452,0.05953179773703981,9.0,5.0,6.925,0.9845684333757608,0.5843454790823212,0.0,0.0742914979757085,0.12819907294457913,0.7071067811865477,-1.725322322424391e-15,0.017901437498393465,0.11107549857458386
2012-06-11,41.0,31.0,0.03780487804878049,11.0,17.0,-0.01639344262295066,7.0,6.0,1.0,1.5609756097560976,0.988933411351868,0.0,0.0,0.0,0.0,0.2,0.0125,0.0730939202161092,0.05372537843817694,7.0,4.0,5.529411764705882,0.9150793638884733,0.75,0.0,0.14362745098039217,0.2248552441351349,0.5933914715486068,-2.9209263704683875e-16,0.08355971569393215,0.13193944753404213
2012-06-12,55.0,49.0,0.032996632996632996,9.0,38.0,-0.0394507503294648,10.0,12.0,1.0,1.9272727272727272,1.6825796801831672,0.16666666666666666,0.0,0.004747474747474748,0.024718804253979532,0.25607931163486725,0.018518518518518517,0.1142364344592281,0.07010021375498163,10.0,5.0,7.473684210526316,1.3905099803813585,0.7830330330330331,0.0,0.09439702860755493,0.14373058489237028,0.6644389004509784,-7.232454304024872e-17,0.06618523327943138,0.11747907506260606
2012-06-13,74.0,62.0,0.022954461310625694,14.0,41.0,-0.09397432245829479,7.0,15.0,1.0,1.7027027027027026,1.8138337011418937,0.16666666666666666,0.0,0.004578754578754579,0.027022096970798163,0.27059022492812446,0.0136986301369863,0.09508115249521785,0.07242040206093657,7.0,4.0,5.682926829268292,0.8392512455651343,0.8762820512820513,0.0,0.06522826766729206,0.14817991975853606,0.6703168818012308,-8.51918743559166e-17,0.055861314886787895,0.10194619665604324
2012-06-14,8.0,4.0,0.14285714285714285,4.0,2.0,,1.0,1.0,1.0,1.0,0.0,0.0,0.0,0.0,0.0,0.14285714285714285,0.14285714285714285,0.14285714285714285,0.0,1.0,1.0,1.0,0.0,0.0,0.0,0.0,0.0,0.5361340200082559,-0.3880827859106449,0.013255629085456466,0.3533048093326056
2012-06-15,8.0,4.0,0.14285714285714285,4.0,2.0,,1.0,1.0,1.0,1.0,0.0,0.0,0.0,0.0,0.0,0.14285714285714285,0.14285714285714285,0.14285714285714285,0.0,1.0,1.0,1.0,0.0,0.0,0.0,0.0,0.0,0.4694938948500463,-0.3608963526359513,0.14470544494988408,0.3225838405776955
2012-06-16,21.0,14.0,0.06666666666666667,8.0,5.0,0.318282425852147,3.0,6.0,1.0,1.619047619047619,1.3265131692556302,0.0,0.0,0.0,0.0,0.13333333333333333,0.05,0.07088435374149661,0.025784436818327993,3.0,2.0,2.4,0.4898979485566356,0.5833333333333333,0.0,0.19999999999999998,0.20138409955990952,0.6797055068198814,-3.6010669569715415e-16,0.08991364956836219,0.19883305369164703
2012-06-17,90.0,83.0,0.02072409488139825,10.0,51.0,-0.17532277645349095,19.0,8.0,1.0,1.9111111111111112,1.4035229044122781,0.33333333333333337,0.0,0.00617283950617284,0.03835117177039276,0.10289336132032761,0.011235955056179775,0.0602395127451866,0.027066249818891937,19.0,10.0,15.72549019607843,2.6647917284069758,0.68,0.0,0.13983193277310924,0.1927707194325123,0.6651880716017732,-1.5581177755907209e-16,0.031580282306463814,0.1005673748317771
2012-06-18,32.0,29.0,0.05846774193548387,5.0,22.0,0.18444995864350672,9.0,6.0,1.0,1.875,1.0825317547305484,0.0,0.0,0.0,0.0,0.22944849115504679,0.03225806451612903,0.1285660874352057,0.0629028330162279,9.0,5.0,7.2727272727272725,1.2856486930664501,0.5880952380952381,0.0,0.14696969696969697,0.14691948086642947,0.6240076353495152,-4.6051355844637236e-17,0.10118680245197048,0.1449525129466402
2012-06-19,4.0,2.0,0.3333333333333333,2.0,2.0,,1.0,1.0,1.0,1.0,0.0,0.0,0.0,0.0,0.0,0.3333333333333333,0.3333333333333333,0.3333333333333333,0.0,1.0,1.0,1.0,0.0,0.0,0.0,0.0,0.0,0.6993787836061921,-0.10425601681209144,0.2975613833970503,0.40181740020914175
2012-06-20,12.0,8.0,0.12121212121212122,4.0,5.0,0.2727272727272727,4.0,3.0,1.0,1.5,0.7637626158259734,0.0,0.0,0.0,0.0,0.18181818181818182,0.09090909090909091,0.1258223258223258,0.03300423542513934,4.0,2.0,3.2,0.7483314773547882,0.6666666666666666,0.0,0.3333333333333333,0.27888667551135854,0.6454972243679028,-1.8510462576606045e-16,0.1651232380865965,0.2367860840022709
2012-06-21,21.0,16.0,0.0761904761904762,5.0,9.0,-0.48,4.0,4.0,1.0,1.619047619047619,1.045452304766674,0.0,0.0,0.0,0.0,0.24615384615384617,0.05,0.11947042863968328,0.05812322560132211,4.0,2.0,3.4444444444444446,0.6849348892187751,0.6785714285714285,0.0,0.1984126984126984,0.28576939503791793,0.7071067811865475,-1.1579987938528204e-15,0.08865749140789503,0.1993963310502644
2012-06-25,11.0,7.0,0.12727272727272726,4.0,4.0,-0.166666666666666,3.0,2.0,1.0,1.2727272727272727,0.4453617714151233,0.0,0.0,0.0,0.0,0.22499999999999998,0.1,0.14696969696969697,0.046908562364887024,3.0,2.0,2.5,0.5,0.6666666666666666,0.0,0.3333333333333333,0.3333333333333333,0.6015009550075457,-3.7578589746179516e-16,0.17695436172140538,0.24412342119686292
2012-06-26,22.0,14.0,0.06060606060606061,8.0,5.0,-0.244444444444444,3.0,3.0,1.0,1.3636363636363635,0.5677270907634907,0.0,0.0,0.0,0.0,0.1523809523809524,0.023809523809523808,0.07065897065897067,0.03085932050863032,3.0,2.0,2.6,0.4898979485566356,0.8333333333333333,0.0,0.26666666666666666,0.3431876713662333,0.7071067811865478,-1.3314742320143231e-15,0.06428243465332234,0.20327890704543553
2012-06-27,28.0,20.0,0.05291005291005291,9.0,5.0,-0.09803921568627505,3.0,3.0,1.0,1.4285714285714286,0.6776309271789385,1.0,0.0,0.08333333333333333,0.2616340592361418,0.11851851851851852,0.037037037037037035,0.06582052574116065,0.026547197614617213,3.0,2.0,2.6,0.4898979485566356,0.6666666666666666,0.0,0.2333333333333333,0.2905932629027116,0.6037035301741895,-1.1981843717962224e-15,0.07482730617094648,0.17353720052336088
2012-06-30,23.0,14.0,0.05533596837944664,9.0,4.0,-0.23789473684210452,2.0,3.0,1.0,1.3043478260869565,0.6209937763950305,0.0,0.0,0.0,0.0,0.13636363636363635,0.03636363636363637,0.061001317523056646,0.022874871582830778,2.0,1.0,1.75,0.4330127018922193,1.0,0.0,0.25,0.4330127018922193,0.7071067811865472,-1.9364043806754652e-16,0.07199087301030707,0.1956925524203184
2012-07-01,12.0,7.0,0.10606060606060606,5.0,4.0,-0.27272727272727265,2.0,3.0,1.0,1.1666666666666667,0.5527707983925666,0.0,0.0,0.0,0.0,0.2727272727272727,0.09090909090909091,0.12424242424242421,0.05446121441094371,2.0,1.0,1.75,0.4330127018922193,1.0,0.0,0.25,0.4330127018922193,0.7071067811865475,-2.326312943973297e-16,0.16098763771484467,0.239617014914065
2012-07-02,46.0,39.0,0.03768115942028986,11.0,23.0,-0.01636406000752773,10.0,11.0,1.0,1.9130434782608696,1.665847309623306,0.6299605249474366,0.0,0.04339257209586615,0.13087326214946562,0.1654700854700855,0.011111111111111112,0.07103076379719737,0.049918826791683135,10.0,5.0,7.913043478260869,1.2824244525002282,0.5584415584415584,0.0,0.1520798042537173,0.20103412968945994,0.6237225940002539,-1.6099573233748092e-17,0.06343559599094546,0.1330979173242623
2012-07-03,57.0,55.0,0.03446115288220551,6.0,45.0,0.023330113678579307,14.0,8.0,1.0,2.0,1.5217718205053643,0.10499342082457276,0.0,0.007551950041419794,0.02447773253964056,0.20701454234388367,0.017857142857142856,0.11901152732909437,0.057214187055953256,14.0,7.0,10.666666666666666,1.7888543819998317,0.5149753347427767,0.0,0.10298332158797277,0.14656733104132075,0.5493021954838366,-3.8981142428719587e-17,0.06536211435786682,0.11520266340580824
2012-07-04,58.0,63.0,0.038112522686025406,4.0,52.0,-0.15180306629237728,8.0,10.0,1.0,2.206896551724138,1.9892696692215113,0.18832675415790612,0.0,0.004820156167319467,0.02532112714058149,0.3537331701346389,0.017543859649122806,0.21140211534756267,0.07841262762498606,8.0,5.0,6.538461538461538,0.8871201995900613,0.4558823529411765,0.0,0.05749622926093515,0.10016844593339569,0.5503102032110493,-2.859272208351119e-17,0.0779530915554264,0.1056631195228313
2012-07-05,61.0,55.0,0.030054644808743168,8.0,43.0,-0.1794279392144741,9.0,12.0,1.0,1.8360655737704918,1.690671879915244,0.0,0.0,0.0,0.0,0.22442748091603051,0.016666666666666666,0.11679231903003602,0.06391799598246789,9.0,5.0,7.534883720930233,1.1683587615888809,0.6666666666666666,0.0,0.0851092564081787,0.1438520853526323,0.6757147575028325,-1.2905503189203704e-17,0.05976109830230467,0.11323450778209394
2012-07-06,76.0,63.0,0.022105263157894735,16.0,34.0,-0.03767095682080784,8.0,12.0,1.0,1.763157894736842,1.6130097811286268,0.20998684164914552,0.0,0.004328676121714842,0.026628541847758366,0.165,0.013333333333333334,0.06094350207117129,0.04751653623454172,8.0,5.0,6.735294117647059,0.9489568120530399,0.6325757575757576,0.0,0.08639705882352941,0.13325402216379836,0.6325894814567881,-2.2879908719689243e-17,0.046235523554468784,0.10497700271243349
2012-07-07,92.0,88.0,0.0210224558050645,9.0,72.0,-0.20526613816534567,12.0,13.0,1.0,1.9565217391304348,1.81127533425593,0.16666666666666666,0.0,0.002506038647342995,0.018025615191746194,0.25410827704405686,0.01098901098901099,0.12752233459092477,0.06601522507260726,12.0,6.0,9.0,1.247219128924647,0.6786049631120054,0.0,0.056997540800357696,0.1167167938434268,0.6435888696101927,-1.8182340460756655e-17,0.05046427994064388,0.09123004805141578
2012-07-08,74.0,68.0,0.025175860792299148,11.0,50.0,-0.029303318455268876,9.0,7.0,1.0,1.972972972972973,1.610547774642117,0.16666666666666666,0.0,0.0046010296010296015,0.022710581847151447,0.23000287383849027,0.0136986301369863,0.10337037590924551,0.06480801759034313,9.0,5.0,7.14,1.1315476127852508,0.5369897959183674,0.0,0.07212585034013606,0.11882652385095677,0.39167901660211807,-3.306331846855473e-17,0.06775381488891993,0.09446128350552668
2012-07-09,71.0,65.0,0.026156941649899398,10.0,49.0,0.12213509645427205,11.0,6.0,1.0,1.971830985915493,1.3632173107113086,0.33333333333333337,0.0,0.006572769953051644,0.041262356175717066,0.21654135338345865,0.011428571428571429,0.10580560518976238,0.06355409482852094,11.0,6.0,8.081632653061224,1.2427214161337412,0.4552304964539007,0.0,0.07616876537849182,0.11847591127655366,0.5096440238179906,-1.0217387796903246e-16,0.06563571857168779,0.09887598034827122
2012-07-10,8.0,4.0,0.14285714285714285,4.0,2.0,,1.0,1.0,1.0,1.0,0.0,0.0,0.0,0.0,0.0,0.14285714285714285,0.14285714285714285,0.14285714285714285,0.0,1.0,1.0,1.0,0.0,0.0,0.0,0.0,0.0,0.5232406499155972,-0.4681152788671904,0.041371146913690315,0.35112451951273044
2012-07-11,43.0,33.0,0.036544850498338874,10.0,14.0,-0.040816326530612394,6.0,6.0,1.0,1.7209302325581395,1.1065467212437508,0.0,0.0,0.0,0.0,0.1490299823633157,0.011904761904761904,0.06147013001354327,0.03498105227269203,6.0,3.0,4.714285714285714,0.7953949089757174,0.7564102564102564,0.0,0.16391941391941392,0.23526245220997338,0.669677076149701,-7.261570040592344e-17,0.06100478117969707,0.13976491200120883
2012-07-12,46.0,43.0,0.04154589371980676,6.0,21.0,-0.29743379448772994,7.0,9.0,1.0,2.0434782608695654,1.718904121806156,0.20998684164914552,0.0,0.008216876412357868,0.03488515631925123,0.21164021164021163,0.022222222222222223,0.1052469324259239,0.052454271976342184,7.0,4.0,5.380952380952381,0.8984743935292003,0.6631578947368421,0.0,0.1025062656641604,0.17116436718903377,0.5272562300862519,-6.962825126546294e-18,0.06611765305466633,0.13178613883609075
2012-07-13,71.0,65.0,0.026156941649899398,13.0,44.0,0.007372820116327726,13.0,13.0,1.0,1.8873239436619718,1.8655459932167264,0.6299605249474366,0.0,0.033206772411658626,0.11251019478003026,0.19712153518123668,0.014285714285714285,0.08868034516978342,0.0600946156468951,13.0,7.0,9.681818181818182,1.4105564226529912,0.583610188261351,0.0,0.08902144367260646,0.1554349229959481,0.6035053057216023,-8.957949920179618e-17,0.051420242281708585,0.10696011278015702
2012-07-14,19.0,14.0,0.08187134502923976,6.0,8.0,0.5050883770755223,5.0,5.0,1.0,1.7894736842105263,1.2805815853259408,0.6299605249474366,0.0,0.05525969517082777,0.14991579496618715,0.15123456790123457,0.05555555555555555,0.08754663140628052,0.033700441160472244,5.0,3.0,4.0,0.7071067811865476,0.6666666666666666,0.0,0.22619047619047616,0.25615993799226205,0.5935697302025238,-1.8823015371483216e-16,0.12597941324176037,0.1917309739886339
2012-07-15,44.0,44.0,0.046511627906976744,6.0,27.0,-0.21393394012840697,9.0,8.0,1.0,2.1363636363636362,1.6179519755052438,0.6299605249474366,0.0,0.047761850609958675,0.13429160911156213,0.23819591261451725,0.023255813953488372,0.11415390716104641,0.06451306456151501,9.0,5.0,7.037037037037037,1.2317251220974734,0.6676923076923077,0.0,0.1153276353276353,0.17212265272033175,0.5385256763936465,-1.4645703598782687e-16,0.08392769383615474,0.12523344175825163
2012-07-16,46.0,36.0,0.034782608695652174,11.0,11.0,-0.3225404732254048,6.0,6.0,1.0,1.565217391304348,1.0560832870861843,1.0,0.0,0.050724637681159424,0.208136327773117,0.1285714285714286,0.022222222222222223,0.0583756967900313,0.030200309917648143,6.0,3.0,4.909090909090909,0.8999540851465151,0.7555555555555555,0.0,0.21010101010101012,0.26180134626006274,0.6767662621499839,-1.0622085096222327e-15,0.05965125015154328,0.13483641492616386
2012-07-17,38.0,22.0,0.031294452347083924,16.0,5.0,-0.029239766081870757,3.0,3.0,1.0,1.1578947368421053,0.43080804062486583,0.0,0.0,0.0,0.0,0.08648648648648649,0.02702702702702703,0.03530899320373004,0.01408543902315822,3.0,2.0,2.6,0.4898979485566356,0.8333333333333333,0.0,0.26666666666666666,0.3431876713662333,0.6532814824381881,-4.236378254316071e-16,0.056078587202574554,0.15222017452048675
2012-07-18,31.0,23.0,0.04946236559139785,9.0,9.0,-0.11899340922708213,3.0,7.0,1.0,1.6129032258064515,1.2617811106843837,0.6299605249474366,0.0,0.04199736832982911,0.1545844750358261,0.19393939393939394,0.03333333333333333,0.06938811746665882,0.04087440117267408,3.0,2.0,2.7777777777777777,0.41573970964154905,0.8571428571428571,0.0,0.14682539682539683,0.28987273599602653,0.6605587514801353,-1.0320823915563748e-15,0.08060641175865854,0.16050131120811018
2012-07-20,9.0,5.0,0.1388888888888889,4.0,3.0,-0.2500000000000021,2.0,2.0,1.0,1.1111111111111112,0.3142696805273545,0.0,0.0,0.0,0.0,0.25,0.125,0.14814814814814814,0.039825579940012165,2.0,1.0,1.6666666666666667,0.4714045207910317,1.0,0.0,0.3333333333333333,0.4714045207910317,0.7071067811865476,-1.151281412975917e-16,0.18967853124294975,0.27410429747931436
2012-07-21,10.0,6.0,0.13333333333333333,4.0,4.0,0.25,3.0,2.0,1.0,1.2,0.4,0.0,0.0,0.0,0.0,0.25,0.1111111111111111,0.15,0.05443310539518174,3.0,2.0,2.5,0.5,0.6666666666666666,0.0,0.3333333333333333,0.3333333333333333,0.6015009550075457,-2.397968539120568e-16,0.19464979789354603,0.2492217008609035
2012-07-22,5.0,3.0,0.3,2.0,3.0,-0.4999999999999998,2.0,2.0,1.0,1.2,0.4000000000000001,0.0,0.0,0.0,0.0,0.5,0.25,0.3333333333333333,0.09128709291752768,2.0,1.0,1.6666666666666667,0.4714045207910317,1.0,0.0,0.3333333333333333,0.4714045207910317,0.7071067811865476,-7.343711788726521e-17,0.3414213562373095,0.28884504064476546
2012-07-24,27.0,20.0,0.05698005698005698,8.0,7.0,0.2019154030327217,3.0,5.0,1.0,1.6296296296296295,1.1909581622824834,0.26456684199469993,0.0,0.02449692981432407,0.07233856684549021,0.13846153846153847,0.038461538461538464,0.07127256001525006,0.028588769479288335,3.0,2.0,2.5714285714285716,0.49487165930539345,0.6,0.0,0.18095238095238095,0.22456811662003037,0.6052162563206535,-1.688801883685589e-16,0.08291220387524015,0.17367384226068028
2012-07-26,4.0,2.0,0.3333333333333333,2.0,2.0,,1.0,1.0,1.0,1.0,0.0,0.0,0.0,0.0,0.0,0.3333333333333333,0.3333333333333333,0.3333333333333333,0.0,1.0,1.0,1.0,0.0,0.0,0.0,0.0,0.0,0.6954188065316487,0.12803391551498144,0.41172636102331506,0.2836924455083336
2012-07-27,10.0,7.0,0.15555555555555556,3.0,5.0,-0.4315424610051996,2.0,5.0,1.0,1.6,1.2,0.0,0.0,0.0,0.0,0.35555555555555557,0.1111111111111111,0.1924579124579125,0.06946727713611611,2.0,1.0,1.8,0.4000000000000001,1.0,0.0,0.2,0.4000000000000001,0.7071067811865477,-1.5495257963415354e-16,0.20434129907486703,0.24133924979662083
2012-07-28,93.0,80.0,0.018700327255726974,15.0,59.0,-0.13638946339689534,13.0,10.0,1.0,1.8494623655913978,1.6194133848246537,0.33333333333333337,0.0,0.007526881720430108,0.04842292580300088,0.15760869565217392,0.010869565217391304,0.07117178054955989,0.046591710783064434,13.0,7.0,10.322033898305085,1.6513033164499797,0.6793708408953418,0.0,0.08701180185999777,0.1582455869387515,0.6609730119887695,-1.2808189003226225e-16,0.03919240212463763,0.09600335300260983
2012-07-29,74.0,63.0,0.02332469455757127,15.0,44.0,-0.0117067575317973,8.0,14.0,1.0,1.864864864864865,2.068583039800265,0.3968502629920499,0.0,0.010013281546077142,0.05399864850821775,0.23452562151192288,0.0136986301369863,0.09438174717513044,0.06995480778195465,8.0,5.0,6.454545454545454,0.8907235428302467,0.6483942414174972,0.0,0.067477096546864,0.13409471125889175,0.6580547767581015,-8.957394376595486e-17,0.04778074181177055,0.10597412054568056
2012-07-30,45.0,31.0,0.031313131313131314,14.0,8.0,-0.1217105263157889,5.0,4.0,1.0,1.4222222222222223,0.745024649521787,0.0,0.0,0.0,0.0,0.1012396694214876,0.022727272727272728,0.04102296776723267,0.019526003750899096,5.0,3.0,4.0,0.7071067811865476,0.8095238095238095,0.0,0.23214285714285712,0.27708956695969955,0.7071067811865472,-1.4764006138423502e-16,0.04137349599035122,0.14321472009454408
2012-08-05,40.0,32.0,0.041025641025641026,8.0,9.0,-0.2198977219897722,4.0,6.0,1.0,1.75,1.1124297730643495,0.0,0.0,0.0,0.0,0.126232741617357,0.02564102564102564,0.058614329484681635,0.02231362266246195,4.0,2.0,3.2222222222222223,0.6285393610547089,0.8928571428571428,0.0,0.18253968253968253,0.2758436063013137,0.6744049285060337,-2.6874758758881003e-16,0.06262294754101366,0.1451839055862441
2012-08-06,9.0,6.0,0.16666666666666666,3.0,4.0,-0.33333333333333237,3.0,2.0,1.0,1.3333333333333333,0.4714045207910317,0.0,0.0,0.0,0.0,0.28125,0.125,0.19675925925925924,0.0571482726649468,3.0,2.0,2.5,0.5,0.6666666666666666,0.0,0.3333333333333333,0.3333333333333333,0.6015009550075459,-1.290712235926191e-15,0.21627755321505074,0.25364370894311966
2012-08-09,47.0,28.0,0.025901942645698426,19.0,6.0,-0.10422535211267588,4.0,3.0,1.0,1.1914893617021276,0.4898240184349506,0.0,0.0,0.0,0.0,0.06793478260869565,0.021739130434782608,0.030112109598696105,0.013020418382214757,4.0,2.0,3.3333333333333335,0.7453559924999298,0.7000000000000001,0.0,0.2833333333333334,0.2967415635794143,0.6015009550075457,-2.7914331882245074e-16,0.04920875112102036,0.13731385420921785
2012-08-10,41.0,29.0,0.03536585365853658,12.0,9.0,-0.2754629629629636,5.0,5.0,1.0,1.4146341463414633,0.8256737014541832,0.0,0.0,0.0,0.0,0.13333333333333333,0.025,0.05112796537813528,0.026238283372348938,5.0,3.0,4.0,0.6666666666666666,0.8571428571428571,0.0,0.1984126984126984,0.2766985838850844,0.6650326152292458,-4.1430325241387296e-16,0.06447945511727382,0.14224149805952727
2012-08-11,74.0,68.0,0.025175860792299148,13.0,44.0,-0.15854983160612926,8.0,10.0,1.0,2.189189189189189,1.8208675959677265,0.6299605249474366,0.0,0.027166008749123942,0.10949814710618523,0.17837159945977232,0.00684931506849315,0.07969187242646464,0.05422666673788179,8.0,5.0,6.818181818181818,0.8860722131644512,0.5662606127722406,0.0,0.07890365448504982,0.1259822119995061,0.5035191838102427,-7.171739947873342e-17,0.06333528941468063,0.09747899583126694
2012-08-12,59.0,44.0,0.02571595558153127,16.0,16.0,0.017119445934741174,6.0,6.0,1.0,1.5254237288135593,1.1101371453432418,0.5,0.0,0.01129943502824859,0.06591673383942392,0.10775862068965518,0.017241379310344827,0.04367840783018235,0.02623007891172738,6.0,3.0,4.8125,0.8816709987291178,0.7523809523809525,0.0,0.1488095238095238,0.21779858697841895,0.567063951298374,-9.385559422033184e-16,0.05171564766871642,0.119476543005638
2012-08-13,21.0,12.0,0.05714285714285714,9.0,3.0,-0.3333333333333333,2.0,2.0,1.0,1.1428571428571428,0.34992710611188255,0.0,0.0,0.0,0.0,0.1,0.05,0.06190476190476192,0.01716929178792376,2.0,1.0,1.6666666666666667,0.4714045207910317,1.0,0.0,0.3333333333333333,0.4714045207910317,0.5908614945635411,-3.480123123557054e-16,0.13089838160766457,0.17459857190579148
2012-08-14,47.0,37.0,0.034227567067530065,10.0,17.0,-0.01431163071961262,6.0,7.0,1.0,1.7446808510638299,1.3122675697965336,0.0,0.0,0.0,0.0,0.1391304347826087,0.021739130434782608,0.058195304327118356,0.029834498879715236,6.0,3.0,5.117647058823529,0.831890330807703,0.8083333333333333,0.0,0.14313725490196078,0.22746893945326657,0.5197480415755827,-2.071785353451292e-16,0.06947978189989816,0.12825426172967289
2012-08-16,26.0,17.0,0.052307692307692305,9.0,10.0,0.08656716417910462,5.0,5.0,1.0,1.4615384615384615,0.9294650748918901,0.0,0.0,0.0,0.0,0.216,0.02,0.07869368873266241,0.05675136121570885,5.0,3.0,4.0,0.6324555320336759,0.8055555555555555,0.0,0.18055555555555552,0.2702450876656362,0.5596380865915085,-2.0976161902905127e-16,0.1049640798883792,0.16566254976525147
2012-08-17,26.0,16.0,0.04923076923076923,10.0,4.0,-0.2972972972972973,3.0,3.0,1.0,1.2307692307692308,0.5044183480232308,0.0,0.0,0.0,0.0,0.12,0.04,0.057282051282051286,0.020955731180193057,3.0,2.0,2.5,0.5,0.6666666666666666,0.0,0.3333333333333333,0.3333333333333333,0.7071067811865475,-9.55094978851917e-16,0.07430198663762064,0.18149587665630673
2012-08-18,63.0,60.0,0.030721966205837174,10.0,41.0,0.12763849729482563,7.0,8.0,1.0,2.0317460317460316,1.6229334010947627,0.16666666666666666,0.0,0.005593348450491307,0.02506572266708943,0.2530044275774826,0.016129032258064516,0.11505751421543677,0.07406299154804741,7.0,4.0,5.853658536585366,0.8988061352530868,0.4977564102564102,0.0,0.07370231394621639,0.110689562100953,0.451117940333122,-7.72954960311054e-17,0.06757707212118433,0.10633134625567442
2012-08-19,48.0,41.0,0.03634751773049645,9.0,28.0,0.11109536630296162,10.0,8.0,1.0,1.8333333333333333,1.4624940645653537,0.10499342082457276,0.0,0.004374725867690532,0.018164333828596006,0.20143686101132913,0.02127659574468085,0.09143054890867115,0.0572068008776139,10.0,5.0,7.321428571428571,1.3107678073930407,0.6125356125356126,0.0,0.11172161172161174,0.15297193001838394,0.6095407124635703,-8.052246784490433e-17,0.07023203499643754,0.1260983528583641
2012-08-20,12.0,9.0,0.13636363636363635,3.0,8.0,-0.16666666666666669,5.0,4.0,1.0,1.5,0.8660254037844386,0.0,0.0,0.0,0.0,0.4049586776859504,0.09090909090909091,0.21667628659026014,0.10318239495809747,5.0,3.0,4.0,0.7071067811865476,0.8095238095238095,0.0,0.2321428571428571,0.27708956695969955,0.6408944972532628,-1.324531764819898e-16,0.21270411727677263,0.1951673431361976
2012-08-22,6.0,4.0,0.26666666666666666,2.0,4.0,0.0,3.0,2.0,1.0,1.3333333333333333,0.4714045207910317,0.0,0.0,0.0,0.0,0.44999999999999996,0.2,0.31666666666666665,0.10274023338281627,3.0,2.0,2.5,0.5,0.6666666666666666,0.0,0.3333333333333333,0.3333333333333333,0.6015009550075457,-1.3034041520009258e-16,0.3244163298225767,0.24783202297345638
2012-09-05,45.0,30.0,0.030303030303030304,15.0,10.0,-0.025641025641025134,5.0,4.0,1.0,1.3333333333333333,0.699205898780101,0.0,0.0,0.0,0.0,0.11505681818181819,0.022727272727272728,0.042609864882592156,0.025183386432438403,5.0,3.0,4.1,0.7000000000000001,0.6944444444444444,0.0,0.19722222222222222,0.26915792326127236,0.5619055660577251,-3.4617385303144865e-16,0.06323928860498008,0.1349926464625324
2012-09-09,38.0,31.0,0.044096728307254626,8.0,21.0,0.2318932655654378,9.0,5.0,1.0,1.7894736842105263,1.0552598766191272,0.5,0.0,0.039473684210526314,0.1348282995521,0.16891891891891891,0.02702702702702703,0.08047713215917064,0.045723793446333455,9.0,5.0,7.095238095238095,1.1086139739831253,0.6736842105263158,0.0,0.15789473684210525,0.20710248459187083,0.506340637751235,-6.260849691308721e-17,0.08933570441309603,0.13540650424074963
2012-09-10,6.0,3.0,0.2,3.0,2.0,,1.0,1.0,1.0,1.0,0.0,0.0,0.0,0.0,0.0,0.2,0.2,0.19999999999999998,2.7755575615628914e-17,1.0,1.0,1.0,0.0,0.0,0.0,0.0,0.0,0.6676945770362933,-0.07837525963030043,0.26950083557055676,0.30665284328282105
2012-09-13,16.0,9.0,0.075,7.0,3.0,-0.28571428571428625,2.0,2.0,1.0,1.125,0.33071891388307384,0.0,0.0,0.0,0.0,0.13333333333333333,0.06666666666666667,0.08055555555555555,0.022047927592204922,2.0,1.0,1.6666666666666667,0.4714045207910317,1.0,0.0,0.3333333333333333,0.4714045207910317,0.6987013932093216,-0.108703096217877,0.08902386814836098,0.23361239457679303
2012-09-14,54.0,41.0,0.0286512928022362,14.0,19.0,-0.08792666747075145,5.0,11.0,1.0,1.5555555555555556,1.4487116456005888,0.0,0.0,0.0,0.0,0.21080026024723486,0.018867924528301886,0.062241937064129,0.04967108400940266,5.0,3.0,4.2105263157894735,0.6137844099837158,0.9117647058823529,0.0,0.09872721018231854,0.20894753602768523,0.6786303938655127,-8.249073183476143e-16,0.06200075590045785,0.12113804021153042
2012-09-15,89.0,81.0,0.020684371807967315,15.0,47.0,-0.13929428425317641,8.0,10.0,1.0,1.9325842696629214,1.8100701632002036,0.41997368329829105,0.0,0.017575751780293233,0.07303560841295427,0.20377503852080123,0.011363636363636364,0.08018780675073325,0.05870353869930151,8.0,4.0,6.25531914893617,0.9993207290057344,0.5088566827697262,0.0,0.06510432726898961,0.12316769206299595,0.43034192184519265,-4.052962671249847e-17,0.0551204623313625,0.09054109392180229
2012-09-16,15.0,9.0,0.08571428571428572,6.0,4.0,-0.34042553191489294,2.0,3.0,1.0,1.3333333333333333,0.5962847939999439,0.0,0.0,0.0,0.0,0.21428571428571427,0.03571428571428571,0.09555555555555557,0.04491418429201719,2.0,1.0,1.75,0.4330127018922193,1.0,0.0,0.25,0.4330127018922193,0.7071067811865477,-5.505578570073628e-16,0.09428090415820645,0.2403700850309326
2012-10-03,9.0,5.0,0.1388888888888889,4.0,3.0,-0.2500000000000021,2.0,2.0,1.0,1.1111111111111112,0.3142696805273545,0.0,0.0,0.0,0.0,0.25,0.125,0.14814814814814814,0.039825579940012165,2.0,1.0,1.6666666666666667,0.4714045207910317,1.0,0.0,0.3333333333333333,0.4714045207910317,0.7071067811865475,-1.45288943387095e-15,0.18967853124294934,0.27410429747931464
2012-10-08,18.0,10.0,0.06535947712418301,8.0,4.0,0.37500000000000017,3.0,2.0,1.0,1.1111111111111112,0.3142696805273545,0.0,0.0,0.0,0.0,0.1323529411764706,0.058823529411764705,0.07026143790849673,0.023791208788498427,3.0,2.0,2.5,0.5,0.6666666666666666,0.0,0.3333333333333333,0.3333333333333333,0.6015009550075457,-1.867625992540777e-16,0.10813877660752559,0.20943151756453288
2012-10-11,17.0,11.0,0.08088235294117647,6.0,4.0,-0.39682539682539614,2.0,3.0,1.0,1.2941176470588236,0.5703152773430976,0.0,0.0,0.0,0.0,0.1875,0.0625,0.09767156862745098,0.03517167537730606,2.0,1.0,1.75,0.4330127018922193,1.0,0.0,0.25,0.4330127018922193,0.7071067811865475,-6.40340181818514e-16,0.11363833250459665,0.2142658600835407
2012-10-12,51.0,41.0,0.03215686274509804,13.0,15.0,-0.02480880432755101,7.0,7.0,1.0,1.607843137254902,1.1215960506725562,1.0,0.0,0.060037348272642385,0.21510080157100292,0.13066666666666668,0.02,0.05079666460254113,0.030963579707722615,7.0,4.0,5.866666666666666,0.9568466729604883,0.7307692307692308,0.0,0.17142857142857146,0.22903763387915757,0.5526469995240807,-1.34108009509347e-16,0.057112696701095256,0.12785140989751972
2012-10-13,19.0,11.0,0.06432748538011696,8.0,4.0,-0.222222222222222,2.0,3.0,1.0,1.263157894736842,0.5469634129164876,0.0,0.0,0.0,0.0,0.16666666666666666,0.027777777777777776,0.07037037037037037,0.03196791944746679,2.0,1.0,1.75,0.4330127018922193,1.0,0.0,0.25,0.4330127018922193,0.7071067811865475,-4.564925841685463e-17,0.07443229275647872,0.21700555924303475
2012-10-16,16.0,8.0,0.06666666666666667,8.0,2.0,,1.0,1.0,1.0,1.0,0.0,0.0,0.0,0.0,0.0,0.06666666666666667,0.06666666666666667,0.06666666666666667,0.0,1.0,1.0,1.0,0.0,0.0,0.0,0.0,0.0,0.6296696685311655,-0.15911667369999632,0.09008248615951858,0.23320622994963097
2012-10-17,4.0,2.0,0.3333333333333333,2.0,2.0,,1.0,1.0,1.0,1.0,0.0,0.0,0.0,0.0,0.0,0.3333333333333333,0.3333333333333333,0.3333333333333333,0.0,1.0,1.0,1.0,0.0,0.0,0.0,0.0,0.0,0.5230537035830948,-0.4758306664854717,0.023611518548811494,0.4994421850342832
2012-10-18,20.0,15.0,0.07894736842105263,5.0,7.0,-0.2796208530805688,4.0,6.0,1.0,1.8,1.2083045973594573,0.0,0.0,0.0,0.0,0.16842105263157894,0.02631578947368421,0.09827397367443133,0.03782692650873421,4.0,2.0,3.4285714285714284,0.7284313590846836,0.8,0.0,0.2380952380952381,0.3020714576600706,0.6881909602355868,-1.732128882423427e-16,0.11135163644116071,0.193909290808552
2012-10-19,30.0,22.0,0.05057471264367816,9.0,11.0,-0.0014224751066857428,5.0,4.0,1.0,1.4666666666666666,0.92135166407235,0.0,0.0,0.0,0.0,0.19157088122605367,0.034482758620689655,0.07990495481567007,0.05068220601879974,5.0,3.0,4.090909090909091,0.7925270806437588,0.6222222222222222,0.0,0.17575757575757575,0.21580731844404816,0.49626291506521836,-2.806448715366508e-16,0.09848538597077702,0.15373341238494778
2012-10-22,24.0,15.0,0.05434782608695652,9.0,5.0,-0.1881188118811877,4.0,3.0,1.0,1.25,0.5204164998665332,0.0,0.0,0.0,0.0,0.13043478260869565,0.043478260869565216,0.06432022084195997,0.025769721688019793,4.0,2.0,3.2,0.7483314773547882,0.6666666666666666,0.0,0.3333333333333333,0.27888667551135854,0.7069700723062635,-0.011352440656135871,0.07871292798553102,0.1883373081325399
2012-10-23,32.0,19.0,0.038306451612903226,13.0,4.0,0.17878192534381082,3.0,3.0,1.0,1.3125,0.5266343608235224,0.0,0.0,0.0,0.0,0.07258064516129031,0.016129032258064516,0.04012096774193548,0.015324791153510594,3.0,2.0,2.5,0.5,0.6666666666666666,0.0,0.3333333333333333,0.3333333333333333,0.7071067811865474,-1.9682401240664614e-15,0.051743439976158025,0.16903436461096819
2012-10-24,42.0,27.0,0.0313588850174216,15.0,8.0,-0.0851063829787237,5.0,3.0,1.0,1.2857142857142858,0.5890150893739514,0.0,0.0,0.0,0.0,0.09193245778611632,0.024390243902439025,0.03966136079984577,0.01950834190250114,5.0,3.0,4.125,0.7806247497997998,0.6666666666666666,0.0,0.25595238095238093,0.2745202989904811,0.5227207256439814,-3.503183689458884e-16,0.06284089462970226,0.140927448609781
2012-10-25,38.0,33.0,0.04694167852062589,7.0,15.0,-0.17104329311568484,6.0,10.0,1.0,1.9473684210526316,1.8630389495187214,0.4807498567691361,0.0,0.027784796010969955,0.0936212032441781,0.1891891891891892,0.02702702702702703,0.09072895467493387,0.04512410397778343,6.0,3.0,4.466666666666667,0.8055363982396382,0.8461538461538463,0.0,0.12820512820512822,0.22332910074265874,0.6134300647701787,-7.112147509501713e-17,0.0735805064390969,0.14457419737231894
2012-10-26,45.0,36.0,0.03636363636363636,10.0,24.0,0.13532594098914144,10.0,8.0,1.0,1.8222222222222222,1.4950122836937032,0.0,0.0,0.0,0.0,0.1669823232323232,0.022727272727272728,0.07100050808496684,0.044864959428898746,10.0,5.0,8.333333333333334,1.3123346456686351,0.7667984189723319,0.0,0.1516798418972332,0.19838397253895756,0.5576443152815065,-8.503405471536451e-17,0.07119562367899486,0.1309710097356708
2012-10-27,72.0,62.0,0.024256651017214397,13.0,36.0,-0.020966969842030052,15.0,7.0,1.0,1.8611111111111112,1.2835016724608803,0.6299605249474366,0.0,0.018957145426658974,0.08268373340766731,0.10783450704225353,0.014084507042253521,0.05048990694189501,0.030882820030104306,15.0,8.0,11.75,2.059867849051379,0.584873949579832,0.0,0.15018674136321197,0.1860395952549906,0.5358865006945236,-5.02227971380217e-17,0.053712803959470874,0.1048991114342745
2012-10-28,51.0,32.0,0.025098039215686273,19.0,6.0,-0.19806763285024154,3.0,4.0,1.0,1.2549019607843137,0.6212933144217592,0.0,0.0,0.0,0.0,0.08333333333333334,0.02,0.03121023965141612,0.014679787628501308,3.0,2.0,2.6666666666666665,0.4714045207910317,0.9,0.0,0.21666666666666667,0.3387066905483596,0.6767662621499846,-2.4711061739036387e-15,0.04481372260068086,0.13266338381001794
2012-10-29,7.0,4.0,0.19047619047619047,3.0,3.0,-0.3333333333333333,2.0,2.0,1.0,1.1428571428571428,0.3499271061118826,0.0,0.0,0.0,0.0,0.3333333333333333,0.16666666666666666,0.2063492063492063,0.05723097262641253,2.0,1.0,1.6666666666666667,0.4714045207910317,1.0,0.0,0.3333333333333333,0.4714045207910317,0.7071067811865475,-5.932911552463914e-16,0.2438723973123643,0.288761833846274
2012-10-30,22.0,14.0,0.06060606060606061,8.0,7.0,-0.060606060606060295,4.0,3.0,1.0,1.2727272727272727,0.616575453011388,0.0,0.0,0.0,0.0,0.1714285714285714,0.047619047619047616,0.07751541387905024,0.04047138220527903,4.0,2.0,3.4285714285714284,0.7284313590846836,0.6,0.0,0.2571428571428571,0.2969229955832361,0.5000000000000002,-2.1040062549287976e-16,0.11363636363636362,0.180392134845313
2012-10-31,30.0,21.0,0.04827586206896552,10.0,11.0,-0.053719008264462666,4.0,6.0,1.0,1.4,1.1430952132988161,1.0,0.0,0.03888888888888889,0.17972887674439653,0.22988505747126436,0.034482758620689655,0.08279818263425782,0.06371187007316023,4.0,2.0,3.3636363636363638,0.6428243465332251,0.6666666666666667,0.0,0.13737373737373737,0.25084694817565534,0.5756160889019842,-1.9919944568063157e-16,0.09589585554137642,0.15536189437349432
2012-11-01,33.0,21.0,0.03977272727272727,13.0,7.0,0.09785202863961845,4.0,4.0,1.0,1.2727272727272727,0.6639061303092922,0.0,0.0,0.0,0.0,0.125,0.03125,0.04848382362586908,0.02805369073063728,4.0,2.0,3.142857142857143,0.8329931278350429,0.6333333333333333,0.0,0.19999999999999998,0.2189440749061457,0.5573454101893038,-3.651455712596408e-16,0.07549746206957324,0.15685395603580946
2012-11-02,16.0,11.0,0.09166666666666666,5.0,8.0,-0.14353838817358142,4.0,6.0,1.0,1.625,1.4086784586980805,0.0,0.0,0.0,0.0,0.2177777777777778,0.06666666666666667,0.11032754445035148,0.04938056528692777,4.0,2.0,3.5,0.7071067811865476,0.8571428571428571,0.0,0.20238095238095238,0.29904420683524924,0.5995927632943898,-3.704516470901322e-17,0.15091140279700288,0.199313192001535
2012-11-05,33.0,23.0,0.043560606060606064,11.0,11.0,-0.03516174402250356,5.0,8.0,1.0,1.5151515151515151,1.3285036495019982,0.5,0.0,0.03535353535353536,0.12142237656738696,0.15625,0.03125,0.060485265274250855,0.03591027683424603,5.0,3.0,4.0,0.6030226891555273,0.8444444444444444,0.0,0.1595959595959596,0.26528568034229444,0.6797566726811295,-8.915747144435155e-17,0.08012504790432376,0.15454127927955083
2012-11-06,29.0,20.0,0.04926108374384237,9.0,8.0,-0.16373477672530456,4.0,5.0,1.0,1.3793103448275863,0.887219333121973,0.0,0.0,0.0,0.0,0.19444444444444445,0.03571428571428571,0.07492762761106034,0.042700383081402955,4.0,2.0,3.125,0.5994789404140899,0.9047619047619047,0.0,0.1845238095238095,0.2977975655083092,0.673887338679049,-7.711729619767846e-17,0.08792844724750766,0.16355838952903617
2012-11-07,23.0,15.0,0.05928853754940711,8.0,7.0,-0.3163972286374137,2.0,6.0,1.0,1.3043478260869565,1.0398487602696864,0.0,0.0,0.0,0.0,0.2727272727272727,0.045454545454545456,0.08920229967660796,0.058664912643591346,2.0,1.0,1.8571428571428572,0.3499271061118826,1.0,0.0,0.14285714285714285,0.3499271061118826,0.7071067811865471,-1.5531659026716554e-16,0.10605032994588809,0.17953158047522857
2012-11-08,4.0,2.0,0.3333333333333333,2.0,2.0,,1.0,1.0,1.0,1.0,0.0,0.0,0.0,0.0,0.0,0.3333333333333333,0.3333333333333333,0.3333333333333333,0.0,1.0,1.0,1.0,0.0,0.0,0.0,0.0,0.0,0.6529510426357163,-0.27139442868439817,0.19077830697565912,0.46217273566005723
2012-11-09,27.0,24.0,0.06837606837606838,4.0,21.0,-0.08180300500834774,8.0,7.0,1.0,2.074074074074074,1.5617161957265198,0.33333333333333337,0.0,0.01769547325102881,0.06557816860871298,0.2564102564102564,0.019230769230769232,0.1428593497998621,0.07083607292794761,8.0,4.0,6.333333333333333,1.168366109179552,0.6684210526315789,0.0,0.1418546365914787,0.213941449115994,0.6356320680506364,-1.7999779663501263e-16,0.10593656427994252,0.16066885630264083
2012-11-10,24.0,16.0,0.057971014492753624,8.0,7.0,0.2,4.0,4.0,1.0,1.4166666666666667,0.7592027982620249,0.0,0.0,0.0,0.0,0.15652173913043477,0.043478260869565216,0.07277701163570728,0.03325084322100991,4.0,2.0,3.2857142857142856,0.6998542122237652,0.7333333333333333,0.0,0.23809523809523808,0.29569856564304803,0.6657128631772181,-2.441628036520857e-16,0.09370133715893518,0.18134697703930502
2012-11-11,52.0,47.0,0.03544494720965309,9.0,35.0,-0.17238386354202073,6.0,11.0,1.0,1.9230769230769231,1.9694410945372474,0.5,0.0,0.023336385836385833,0.08650359703012224,0.32380952380952377,0.00980392156862745,0.1426325274214524,0.09149771668140438,6.0,3.0,4.942857142857143,0.7537660547584525,0.689245395127748,0.0,0.06992615227909345,0.16360407315773057,0.5437504429697397,-9.7108233742076e-18,0.08584081118133507,0.10891338010777009
2012-11-12,49.0,39.0,0.03316326530612245,10.0,18.0,-0.018824433346138855,11.0,5.0,1.0,1.6326530612244898,1.0039488878570484,0.0,0.0,0.0,0.0,0.11149691358024692,0.020833333333333332,0.05845476853449888,0.02941760420042518,11.0,6.0,8.5,1.4624940645653537,0.6176470588235294,0.0,0.2144607843137255,0.22426470588235295,0.6016870639622024,-9.773007376388877e-17,0.05555968788370494,0.13161035045759667
2012-11-13,18.0,14.0,0.0915032679738562,4.0,8.0,0.13656387665198408,7.0,3.0,1.0,1.6666666666666667,0.5773502691896257,0.0,0.0,0.0,0.0,0.1695501730103806,0.058823529411764705,0.11561401065878475,0.035383577269696785,7.0,4.0,5.5,1.118033988749895,0.5714285714285714,0.0,0.3333333333333333,0.21821789023599236,0.6674159424746804,-1.778433247606977e-17,0.11696569226622697,0.20463279890632846
2012-11-15,35.0,26.0,0.043697478991596636,9.0,9.0,-0.1562499999999997,8.0,5.0,1.0,1.6,0.868496237346895,0.0,0.0,0.0,0.0,0.09411764705882353,0.029411764705882353,0.056841156002630934,0.020802400541383163,8.0,4.0,6.222222222222222,1.314684396244359,0.5714285714285714,0.0,0.33333333333333326,0.20892772350933622,0.6324555320336758,-4.2551404828566636e-16,0.06543783098715387,0.15585030910179568
2012-11-16,36.0,32.0,0.050793650793650794,6.0,23.0,-0.0707070707070707,8.0,6.0,1.0,1.8888888888888888,1.3698697784375504,0.5,0.0,0.029166666666666667,0.11448859720028406,0.2343825665859564,0.02857142857142857,0.11436338907295081,0.06190615666724114,8.0,4.0,6.304347826086956,0.997160429667801,0.5822510822510822,0.0,0.1336344814605684,0.18924259758561665,0.5889934584265477,-4.572431076770073e-17,0.08466092650547047,0.14356289667254943
2012-11-17,60.0,49.0,0.02768361581920904,13.0,31.0,-0.09025109462961309,10.0,8.0,1.0,1.6666666666666667,1.2995725793078619,0.5,0.0,0.011507936507936507,0.06713155182693806,0.18159806295399517,0.01694915254237288,0.07438566100958267,0.05413645701931235,10.0,5.0,7.709677419354839,1.2749079255077098,0.6563218390804597,0.0,0.1113830181683352,0.18007366189959514,0.6174439122072747,-1.8979672722261873e-16,0.06341593822921084,0.1124503688085352
2012-11-18,25.0,15.0,0.05,10.0,7.0,0.13594470046082957,4.0,5.0,1.0,1.28,0.872696969170857,0.0,0.0,0.0,0.0,0.15,0.041666666666666664,0.05855586080586081,0.029785524242720966,4.0,2.0,3.142857142857143,0.6388765649999399,0.8666666666666667,0.0,0.21904761904761902,0.3017710384334259,0.6711526886143857,-1.2049604693482594e-16,0.09132905520479742,0.1779297717511015
2012-11-19,20.0,11.0,0.05789473684210526,9.0,4.0,0.38888888888888906,3.0,2.0,1.0,1.1,0.3,0.0,0.0,0.0,0.0,0.11842105263157894,0.05263157894736842,0.06184210526315788,0.02042654565297371,3.0,2.0,2.5,0.5,0.6666666666666666,0.0,0.3333333333333333,0.3333333333333333,0.6015009550075457,-1.0570186875724005e-16,0.09732489894677306,0.20131533484809455
2012-11-20,55.0,39.0,0.026262626262626262,16.0,15.0,0.09797941288600785,9.0,5.0,1.0,1.5636363636363637,0.8689311378435286,0.0,0.0,0.0,0.0,0.0980980980980981,0.006172839506172839,0.03824661749240718,0.023713198820253155,9.0,5.0,7.066666666666666,1.1813363431112902,0.7032967032967034,0.0,0.20879120879120883,0.23735585392559091,0.7071067811865476,-6.695297473602544e-16,0.025712973861328953,0.1323656343505549
2012-11-21,22.0,14.0,0.06060606060606061,8.0,5.0,0.12500000000000044,4.0,2.0,1.0,1.2727272727272727,0.44536177141512334,0.0,0.0,0.0,0.0,0.12698412698412698,0.047619047619047616,0.07057307771593486,0.02596173219350355,4.0,2.0,3.2,0.7483314773547882,0.6666666666666666,0.0,0.3333333333333333,0.27888667551135854,0.5773502691896257,-5.0001127331320715e-15,0.0979409335626925,0.1893729626620804
2012-11-22,27.0,16.0,0.045584045584045586,11.0,4.0,0.12727272727272726,3.0,2.0,1.0,1.1851851851851851,0.38844772154450063,0.0,0.0,0.0,0.0,0.08653846153846154,0.038461538461538464,0.05080721747388415,0.017656859722842397,3.0,2.0,2.5,0.5,0.6666666666666666,0.0,0.3333333333333333,0.3333333333333333,0.5422852268059513,-0.2602501328779827,0.03380313837005337,0.18945813488307137
2012-11-23,47.0,32.0,0.02960222016651249,15.0,11.0,0.013215859030837005,4.0,4.0,1.0,1.3617021276595744,0.7558433901417707,0.0,0.0,0.0,0.0,0.1358695652173913,0.021739130434782608,0.04433958115535793,0.028389454427837434,4.0,2.0,3.4545454545454546,0.6555547773570889,0.7777777777777778,0.0,0.1717171717171717,0.26072348775598675,0.5655683597583537,-5.005057384623841e-16,0.06273009886910637,0.13168724479065158
2012-11-24,62.0,49.0,0.025912215758857746,14.0,32.0,-0.10557230319793641,11.0,13.0,1.0,1.6451612903225807,1.6470577304799674,0.0,0.0,0.0,0.0,0.17701234113096337,0.01639344262295082,0.06922917587640873,0.050859119328723994,11.0,6.0,8.15625,1.3488276159317023,0.7720430107526882,0.0,0.10248655913978495,0.165317649524326,0.6777993369963563,-1.789930899199508e-17,0.05657945113750516,0.11370047478811679
2012-11-25,40.0,29.0,0.03717948717948718,12.0,10.0,0.1545189504373176,4.0,6.0,1.0,1.6,1.0677078252031311,0.0,0.0,0.0,0.0,0.12217194570135748,0.020512820512820513,0.05156251764810042,0.028943215920338872,4.0,2.0,3.4,0.66332495807108,0.8055555555555555,0.0,0.1861111111111111,0.2644146808647169,0.6766180133273334,-1.923805612918621e-16,0.06214793141547097,0.14538787645735085
2012-11-26,39.0,30.0,0.04048582995951417,11.0,16.0,0.17475728155339848,10.0,6.0,1.0,1.641025641025641,1.0497174097671138,0.6299605249474366,0.0,0.04630479072263209,0.15210752093343605,0.11842105263157894,0.02631578947368421,0.05563658392143218,0.031249294082498966,10.0,5.0,8.25,1.6007810593582121,0.6476190476190476,0.0,0.2404761904761905,0.2245618056018151,0.6222729278957903,-9.619250648223961e-17,0.060583437008251174,0.14822507480616395
2012-11-27,23.0,14.0,0.05533596837944664,9.0,4.0,-0.24444444444444358,3.0,3.0,1.0,1.2173913043478262,0.5070392952039391,0.0,0.0,0.0,0.0,0.13636363636363635,0.045454545454545456,0.06436100131752305,0.024693673912252564,3.0,2.0,2.5,0.5,0.6666666666666666,0.0,0.3333333333333333,0.3333333333333333,0.7071067811865477,-2.755031735156944e-16,0.08399355011209313,0.19084900945284605
2012-11-28,13.0,8.0,0.10256410256410256,5.0,4.0,-0.06666666666666667,3.0,2.0,1.0,1.2307692307692308,0.4213250442347432,0.0,0.0,0.0,0.0,0.1875,0.08333333333333333,0.11645299145299146,0.03863180498240287,3.0,2.0,2.5,0.5,0.6666666666666666,0.0,0.3333333333333333,0.3333333333333333,0.601500955007546,-5.239835390879175e-16,0.14973061376426605,0.23346053247787538
2012-11-30,25.0,14.0,0.04666666666666667,11.0,3.0,-0.2727272727272725,2.0,2.0,1.0,1.12,0.3249615361854385,0.0,0.0,0.0,0.0,0.08333333333333333,0.041666666666666664,0.05,0.013608276348795434,2.0,1.0,1.6666666666666667,0.4714045207910317,1.0,0.0,0.3333333333333333,0.4714045207910317,0.7017910982556094,-3.9510698341618604e-16,0.07874335200986464,0.1838463611667377
2012-12-01,60.0,54.0,0.030508474576271188,8.0,40.0,-0.16941982272361011,12.0,10.0,1.0,1.8333333333333333,1.51840559652405,0.5,0.0,0.011296296296296297,0.06711244990897469,0.2046004842615012,0.01694915254237288,0.09983324152938453,0.058197267829818655,12.0,6.0,9.4,1.5620499351813308,0.689608636977058,0.0,0.10084345479082321,0.17293474007663343,0.6272574967474899,-2.696248861655045e-16,0.06805021925050023,0.10970795015232719
2012-12-02,42.0,36.0,0.041811846689895474,8.0,27.0,-0.04860186418109177,9.0,6.0,1.0,1.7619047619047619,1.4607487285883778,0.5,0.0,0.013492063492063491,0.07631025637499284,0.26593233674272226,0.024390243902439025,0.12497575430514742,0.0796188681096125,9.0,5.0,7.074074074074074,1.0514866345613623,0.6076923076923076,0.0,0.10598290598290598,0.15794834794791457,0.44358301887598006,-8.504950451689264e-17,0.09388505939616058,0.12245456068151651
2012-12-03,32.0,23.0,0.046370967741935484,9.0,10.0,-0.20980818667194004,6.0,6.0,1.0,1.5625,1.0588171466310885,0.0,0.0,0.0,0.0,0.10049627791563276,0.03225806451612903,0.05828248273212398,0.021864443442554293,6.0,3.0,5.1,1.0440306508910548,0.7222222222222222,0.0,0.23888888888888893,0.266492999004699,0.655757326046328,-2.7030975668975484e-16,0.08227190206833292,0.15646512112946653
2012-12-04,45.0,37.0,0.03737373737373737,10.0,10.0,-0.11449996849202855,4.0,6.0,1.0,1.6888888888888889,1.189252280911969,0.5,0.0,0.019999999999999997,0.08055363982396382,0.1534090909090909,0.022727272727272728,0.060047287484439514,0.030827895007333347,4.0,2.0,3.2,0.6,0.7222222222222222,0.0,0.14166666666666666,0.219585046377463,0.5848724610648248,-2.019976348051355e-16,0.060780970500135076,0.13611721363326512
2012-12-05,41.0,34.0,0.041463414634146344,8.0,19.0,-0.0631308133781912,6.0,8.0,1.0,1.7560975609756098,1.4104226629074108,0.0,0.0,0.0,0.0,0.1975609756097561,0.025,0.0892701330686166,0.053158255683755436,6.0,3.0,4.7368421052631575,0.713929471907923,0.48366013071895425,0.0,0.11799105607155146,0.16697797920650176,0.6499332241584271,-1.6753386715184402e-17,0.07591397100014528,0.13648191422099898
2012-12-06,43.0,34.0,0.03765227021040975,9.0,19.0,-0.25049701789264417,9.0,6.0,1.0,1.627906976744186,1.0788291632319256,0.0,0.0,0.0,0.0,0.14285714285714285,0.011904761904761904,0.07252594949573633,0.03996692745280543,9.0,5.0,7.368421052631579,1.1792292896004253,0.6274509803921569,0.0,0.1826625386996904,0.23590939014925294,0.6503184024271584,-2.0049432706224922e-16,0.07655383733880673,0.13189133384036988
2012-12-07,41.0,30.0,0.036585365853658534,11.0,18.0,0.14880201765447673,11.0,5.0,1.0,1.5609756097560976,0.9889334113518679,0.0,0.0,0.0,0.0,0.12245762711864407,0.025,0.056513939707691356,0.032704092250400316,11.0,6.0,8.333333333333334,1.49071198499986,0.6691176470588235,0.0,0.20220588235294118,0.21225051505678028,0.5914359296180255,-8.004012220389244e-17,0.07299167740519323,0.13806686398993506
2012-12-08,65.0,50.0,0.02403846153846154,16.0,20.0,0.04194454788584565,8.0,7.0,1.0,1.6,1.1340872303988991,0.6299605249474366,0.0,0.013891437216789626,0.08155885628193563,0.12262228260869565,0.015625,0.04277427507778229,0.02805381082502579,8.0,4.0,6.45,0.9733961166965892,0.7777777777777777,0.0,0.14473684210526314,0.21830868352781796,0.52702524757598,-7.997933444376203e-17,0.04916981907691932,0.11387249130741985
2012-12-09,53.0,46.0,0.033381712626995644,10.0,32.0,0.1358493285607899,9.0,9.0,1.0,2.0,1.7045997704324878,0.20190228809245994,0.0,0.006857058840875998,0.03136289566866147,0.1579552925706772,0.019230769230769232,0.08113173358885815,0.050205113284531214,9.0,5.0,6.84375,1.121086944665756,0.546236559139785,0.0,0.10530913978494624,0.13705932903664056,0.6396251283197089,-4.0277535373162024e-16,0.05683173128294334,0.1250523044477198
2012-12-10,22.0,13.0,0.05627705627705628,9.0,5.0,0.2777777777777779,4.0,2.0,1.0,1.1818181818181819,0.38569460791993493,0.0,0.0,0.0,0.0,0.12698412698412698,0.047619047619047616,0.06299732014017728,0.024305831979920815,4.0,2.0,3.2,0.7483314773547882,0.6666666666666666,0.0,0.3333333333333333,0.27888667551135854,0.5773502691896256,-3.546396033495832e-16,0.09794093356269327,0.18937296266208006
2012-12-11,44.0,36.0,0.03805496828752643,8.0,21.0,-0.08149109236987903,7.0,7.0,1.0,1.7727272727272727,1.3291083197466766,0.0,0.0,0.0,0.0,0.2114164904862579,0.023255813953488372,0.08511076834435674,0.056190493018410476,7.0,4.0,5.571428571428571,0.9547589359887345,0.7157894736842105,0.0,0.12781954887218044,0.20771393970309318,0.6307435715663826,-2.1825642790024793e-14,0.0751798120068615,0.1306723711956192
2012-12-12,29.0,22.0,0.054187192118226604,7.0,10.0,-0.3530751708428247,4.0,6.0,1.0,1.5172413793103448,1.0379253064339593,0.0,0.0,0.0,0.0,0.20663265306122452,0.03571428571428571,0.08888153615678246,0.046062001836018863,4.0,2.0,3.6,0.66332495807108,0.8333333333333333,0.0,0.175,0.2849220166213126,0.676766262149984,-1.6324959779591734e-15,0.09461922437831012,0.15978097821310475
2012-12-13,26.0,19.0,0.05846153846153846,7.0,7.0,-0.25347222222222127,4.0,4.0,1.0,1.4615384615384615,0.6923076923076923,0.0,0.0,0.0,0.0,0.15999999999999998,0.04,0.07951465628388704,0.03255502132789541,4.0,2.0,3.4285714285714284,0.7284313590846836,0.8,0.0,0.2380952380952381,0.3020714576600706,0.6532814824381886,-4.809345511740238e-16,0.09327771462806635,0.172513206495339
2012-12-14,26.0,20.0,0.06153846153846154,6.0,9.0,-0.21036419641239376,5.0,7.0,1.0,1.7692307692307692,1.2498520622516862,0.0,0.0,0.0,0.0,0.16,0.02,0.08395611700982546,0.03184250531077048,5.0,3.0,4.0,0.6666666666666666,0.8571428571428571,0.0,0.1984126984126984,0.2766985838850844,0.6890095586730912,-3.2000005162413377e-16,0.09328085625784438,0.17251150778235588
2012-12-15,48.0,42.0,0.03723404255319149,6.0,35.0,-0.11196568554947507,10.0,8.0,1.0,1.8333333333333333,1.296362432175337,0.0,0.0,0.0,0.0,0.23649754500818332,0.02127659574468085,0.11865057213595259,0.06120128771629793,10.0,5.0,8.285714285714286,1.2088111886460675,0.6755793226381461,0.0,0.11729055258467021,0.179797132654668,0.6636003879212417,-3.600397663947303e-17,0.07186395716605026,0.12517549677860051
2012-12-16,42.0,31.0,0.036004645760743324,11.0,17.0,0.0771933068318389,7.0,6.0,1.0,1.6666666666666667,1.247219128924647,0.0,0.0,0.0,0.0,0.15609756097560978,0.024390243902439025,0.06234836992465193,0.040543986746640996,7.0,4.0,5.529411764705882,0.9150793638884733,0.7083333333333334,0.0,0.15196078431372548,0.22749217848661843,0.6388127483161471,-2.0422746446104244e-16,0.056359635500453295,0.14364231721808116
2012-12-17,41.0,31.0,0.03780487804878049,10.0,17.0,-0.3986984815618218,7.0,5.0,1.0,1.6097560975609757,1.1235407615883923,0.0,0.0,0.0,0.0,0.16842105263157894,0.0125,0.07040904615885074,0.046400080837548395,7.0,4.0,5.764705882352941,1.0017286097603766,0.6416666666666666,0.0,0.16372549019607843,0.2424504055557991,0.4755883641895192,-2.366215737246076e-16,0.08914648869845214,0.12823083660015544
2012-12-18,38.0,27.0,0.03840682788051209,12.0,10.0,-0.03174603174603177,4.0,6.0,1.0,1.4210526315789473,0.9070362073481096,0.0,0.0,0.0,0.0,0.18243243243243246,0.02702702702702703,0.0580176372939531,0.0391632419362413,4.0,2.0,3.2,0.6,0.8333333333333333,0.0,0.1472222222222222,0.25063191741015617,0.6302472012191199,-2.5457393281154044e-16,0.07471161040849383,0.14399293296496757
2012-12-19,45.0,35.0,0.03535353535353535,13.0,13.0,-0.002074688796680523,5.0,9.0,1.0,1.6,1.3063945294843615,0.5,0.0,0.030423280423280425,0.1069974190895927,0.17224880382775118,0.022727272727272728,0.05573376251895225,0.03913846429276571,5.0,3.0,3.923076923076923,0.7297563831157798,0.8106060606060607,0.0,0.12237762237762237,0.2123052430519849,0.6512425536124493,-4.861653668582724e-17,0.0672600347826311,0.13303499518270176
2012-12-21,29.0,20.0,0.04926108374384237,10.0,11.0,-0.13149847094801234,4.0,8.0,1.0,1.5172413793103448,1.3292645011997504,0.0,0.0,0.0,0.0,0.23809523809523808,0.017857142857142856,0.07931751593009197,0.06246364956455715,4.0,2.0,3.5454545454545454,0.6555547773570889,0.8111111111111111,0.0,0.1393939393939394,0.24642738582396284,0.6796407944545452,-1.4143804802194104e-16,0.09575483091992618,0.15910302000963406
2012-12-22,38.0,24.0,0.034139402560455195,14.0,4.0,-0.33953488372093105,3.0,3.0,1.0,1.263157894736842,0.4965253227398213,0.0,0.0,0.0,0.0,0.08108108108108109,0.02702702702702703,0.03987671882408724,0.013491659601882925,3.0,2.0,2.5,0.5,0.6666666666666666,0.0,0.3333333333333333,0.3333333333333333,0.7071067811865478,-5.369473285587379e-15,0.05083820138363542,0.1540495594078774
2012-12-23,27.0,17.0,0.04843304843304843,10.0,7.0,-0.007407407407407579,4.0,4.0,1.0,1.3333333333333333,0.6666666666666667,0.0,0.0,0.0,0.0,0.17307692307692307,0.019230769230769232,0.06184793364280545,0.03695624892647972,4.0,2.0,3.142857142857143,0.6388765649999399,0.8666666666666667,0.0,0.21904761904761902,0.3017710384334259,0.6571922996941226,-8.91573077432368e-15,0.08999474561342183,0.17011167743283392
2012-12-27,31.0,22.0,0.047311827956989246,9.0,8.0,0.04578313253012012,4.0,4.0,1.0,1.4193548387096775,0.7082096258096822,0.0,0.0,0.0,0.0,0.16333333333333333,0.03333333333333333,0.06741229499294014,0.035371305360064664,4.0,2.0,3.25,0.6614378277661477,0.8095238095238095,0.0,0.20238095238095238,0.2923340275668732,0.6209686895771862,-4.527508837217475e-16,0.08327021115423122,0.15913559140072592
2012-12-28,30.0,22.0,0.05057471264367816,8.0,10.0,-0.21412803532008803,6.0,4.0,1.0,1.4666666666666666,0.7630348761506397,0.0,0.0,0.0,0.0,0.1330049261083744,0.034482758620689655,0.07287337379690184,0.03426748654531499,6.0,3.0,5.1,1.0440306508910548,0.5833333333333333,0.0,0.26111111111111107,0.2644584496758201,0.5968190740086504,-1.4055490882400185e-15,0.09444869697410928,0.15624588626017072
2012-12-29,45.0,30.0,0.030303030303030304,16.0,4.0,0.19852602487332985,3.0,4.0,1.0,1.3777777777777778,0.6425258797689316,0.6299605249474366,0.0,0.032664619812089304,0.13247901445669782,0.05113636363636363,0.022727272727272728,0.03409090909090909,0.011000076522537625,3.0,2.0,2.5,0.5,0.6666666666666666,0.0,0.3333333333333333,0.3333333333333333,0.6410832862027875,-3.3116169945228917e-16,0.041985006090436615,0.14303664385676917
2012-12-30,39.0,30.0,0.04048582995951417,9.0,10.0,-0.20462380855810186,5.0,5.0,1.0,1.6923076923076923,0.9379149311883013,0.0,0.0,0.0,0.0,0.15225563909774437,0.015037593984962405,0.059699235459088985,0.03027169132859262,5.0,3.0,4.1,0.7000000000000001,0.861111111111111,0.0,0.19166666666666665,0.2595253264360309,0.7071067811865478,-2.9514137578740265e-16,0.041064973645806746,0.15477303893280264
2012-12-31,25.0,22.0,0.07333333333333333,4.0,18.0,-0.023255813953488753,10.0,4.0,1.0,1.76,0.8138795979750323,0.0,0.0,0.0,0.0,0.25620567375886527,0.041666666666666664,0.1445297979680439,0.06741612448132621,10.0,5.0,7.833333333333333,1.4624940645653537,0.5845588235294118,0.0,0.19526143790849673,0.19997239786676102,0.5103433489519879,-2.154339980646199e-16,0.13879540569515553,0.14399942832496662
